name,era,url
Emanuel Adriaenssen,Renaissance,https://www.cglib.org/category/renaissance/adriaenssen-emanuel/
Emanuel Adrianssen,Renaissance,https://www.cglib.org/category/renaissance/adrianssen-emanuel/
Richard Allison,Renaissance,https://www.cglib.org/category/renaissance/allison-richard/
Thoinot Arbeau,Renaissance,https://www.cglib.org/category/renaissance/arbeau-thoinot/
Hugh Aston,Renaissance,https://www.cglib.org/category/renaissance/aston-hugh/
Pierre Attaingnant,Renaissance,https://www.cglib.org/category/renaissance/attaingnant-pierre/
Daniel Bacheler,Renaissance,https://www.cglib.org/category/renaissance/bacheler-daniel/
Robert Ballard,Renaissance,https://www.cglib.org/category/renaissance/ballard-robert/
Adriano Banchieri,Renaissance,https://www.cglib.org/category/renaissance/banchieri-adriano/
Melchiore de Barberis,Renaissance,https://www.cglib.org/category/renaissance/barberis-melchiore-de/
Giulio Cesare Barbetta,Renaissance,https://www.cglib.org/category/renaissance/barbetta-giulio-cesare/
Heinz Bischoff,Renaissance,https://www.cglib.org/category/renaissance/bischoff-heinz/
Baruch Bulman,Renaissance,https://www.cglib.org/category/renaissance/bulman-baruch/
William Byrd,Renaissance,https://www.cglib.org/category/renaissance/byrd-william/
Thomas Campion,Renaissance,https://www.cglib.org/category/renaissance/campion-thomas/
John Coperario,Renaissance,https://www.cglib.org/category/renaissance/coperario-john/
Marco Dall'Aquila,Renaissance,https://www.cglib.org/category/renaissance/dallaquila-marco/
Giovanni Battista Dalla Gostena,Renaissance,https://www.cglib.org/category/renaissance/dalla-gostena-giovanni-battista/
Joan Ambrosio Dalza,Renaissance,https://www.cglib.org/category/renaissance/dalza-joan-ambrosio/
John Danyel,Renaissance,https://www.cglib.org/category/renaissance/danyel-john/
John Dowland,Renaissance,https://www.cglib.org/category/renaissance/dowland-john/
Richard Farnaby,Renaissance,https://www.cglib.org/category/renaissance/farnaby-richard/
Alfonso Ferrabosco,Renaissance,https://www.cglib.org/category/renaissance/ferrabosco-alfonso/
Thomas Ford,Renaissance,https://www.cglib.org/category/renaissance/ford-thomas/
Miguel de Fuenllana,Renaissance,https://www.cglib.org/category/renaissance/fuenllana-miguel-de/
Giovanni Gabrieli,Renaissance,https://www.cglib.org/category/renaissance/gabrieli-giovanni/
Anton Wilhelm Heinrich Gleitsmann,Renaissance,https://www.cglib.org/category/renaissance/gleitsmann-anton-wilhelm-heinrich/
Anthony Holborne,Renaissance,https://www.cglib.org/category/renaissance/holborne-anthony/
Tobias Hume,Renaissance,https://www.cglib.org/category/renaissance/hume-tobias/
Simon Ives,Renaissance,https://www.cglib.org/category/renaissance/ives-simon/
Hans Judenkünig,Renaissance,https://www.cglib.org/category/renaissance/judenkunig-hans/
Adrian Le Roy,Renaissance,https://www.cglib.org/category/renaissance/le-roy-adrian/
Luys Milan,Renaissance,https://www.cglib.org/category/renaissance/milan-luys/
Francesco Da Milano,Renaissance,https://www.cglib.org/category/renaissance/milano-francesco-da/
Guillaume Morlaye,Renaissance,https://www.cglib.org/category/renaissance/morlaye-guillaume/
Thomas Morley,Renaissance,https://www.cglib.org/category/renaissance/morley-thomas/
Alonso Mudarra,Renaissance,https://www.cglib.org/category/renaissance/mudarra-alonso/
Luys de Narvaez,Renaissance,https://www.cglib.org/category/renaissance/narvaez-luys-de/
Jakubus Polak Reis,Renaissance,https://www.cglib.org/category/renaissance/polak-reis-jakubus/
Michael Praetorius,Renaissance,https://www.cglib.org/category/renaissance/praetorius-michael/
Josquin des Pres,Renaissance,https://www.cglib.org/category/renaissance/pres-josquin-des/
Enríquez de Valderrábano,Renaissance,https://www.cglib.org/category/renaissance/valderrabano-enriquez-de/
Matthaus Waissel,Renaissance,https://www.cglib.org/category/renaissance/waissel-matthaus/
Philip van Wilder,Renaissance,https://www.cglib.org/category/renaissance/wilder-philip-van/
Tomaso Giovanni Albinoni,Baroque,https://www.cglib.org/category/baroque/albinoni-tomaso-giovanni/
R Asuke,Baroque,https://www.cglib.org/category/baroque/asuke-r/
Johann Sebastian Bach,Baroque,https://www.cglib.org/category/baroque/bach-johann-sebastian/
Ernst Gottlieb Baron,Baroque,https://www.cglib.org/category/baroque/baron-ernst-gottlieb/
Angelo Michele Bartolotti,Baroque,https://www.cglib.org/category/baroque/bartolotti-angelo-michele/
Johann Andreas Bohr von Bohrenfels,Baroque,https://www.cglib.org/category/baroque/bohrenfels-johann-andreas-bohr-von/
Joseph Bodin de Boismortier,Baroque,https://www.cglib.org/category/baroque/boismortier-joseph-bodin-de/
Giuseppe Borsilli,Baroque,https://www.cglib.org/category/baroque/borsilli-giuseppe/
Dieterich Buxtehude,Baroque,https://www.cglib.org/category/baroque/buxtehude-dieterich/
Antonio Caldara,Baroque,https://www.cglib.org/category/baroque/caldara-antonio/
Carlo Calvi,Baroque,https://www.cglib.org/category/baroque/calvi-carlo/
Francois Campion,Baroque,https://www.cglib.org/category/baroque/campion-francois/
Antonio Carbonchi,Baroque,https://www.cglib.org/category/baroque/carbonchi-antonio/
Robert Carr,Baroque,https://www.cglib.org/category/baroque/carr-robert/
Francesco Corbetta,Baroque,https://www.cglib.org/category/baroque/corbetta-francesco/
Francois Couperin,Baroque,https://www.cglib.org/category/baroque/couperin-francois/
William Croft,Baroque,https://www.cglib.org/category/baroque/croft-william/
Francis Cutting,Baroque,https://www.cglib.org/category/baroque/cutting-francis/
Paul Charles Durant,Baroque,https://www.cglib.org/category/baroque/durant-paul-charles/
Adam Falkenhagen,Baroque,https://www.cglib.org/category/baroque/falkenhagen-adam/
Girolamo Frescobaldi,Baroque,https://www.cglib.org/category/baroque/frescobaldi-girolamo/
Johann Joseph Fux,Baroque,https://www.cglib.org/category/baroque/fux-johann-joseph/
Vincenzo Galilei,Baroque,https://www.cglib.org/category/baroque/galilei-vincenzo/
Alexandre Gallot,Baroque,https://www.cglib.org/category/baroque/gallot-alexandre/
Jacques Gallot,Baroque,https://www.cglib.org/category/baroque/gallot-jacques/
Ennemond Gaultier,Baroque,https://www.cglib.org/category/baroque/gaultier-ennemond/
Georg Gebel,Baroque,https://www.cglib.org/category/baroque/gebel-georg/
Adam Franz Ginter,Baroque,https://www.cglib.org/category/baroque/ginter-adam-franz/
Johann Laurentius Gleimius,Baroque,https://www.cglib.org/category/baroque/gleimius-johann-laurentius/
Ferdinand Graf von Bergen,Baroque,https://www.cglib.org/category/baroque/graf-von-bergen-ferdinand/
Francisco Guerau,Baroque,https://www.cglib.org/category/baroque/guerau-francisco/
Johann Gumprecht,Baroque,https://www.cglib.org/category/baroque/gumprecht-johann/
Georg Friedrich Handel,Baroque,https://www.cglib.org/category/baroque/handel-georg-friedrich/
Johann Adolf Hasse,Baroque,https://www.cglib.org/category/baroque/hasse-johann-adolf/
Cuthbert Hely,Baroque,https://www.cglib.org/category/baroque/hely-cuthbert/
Johann Christoph Hobach,Baroque,https://www.cglib.org/category/baroque/hobach-johann-christoph/
Wolfgang Adam Anton von Hoffer,Baroque,https://www.cglib.org/category/baroque/hoffer-wolfgang-adam-anton-von/
P Ilgner,Baroque,https://www.cglib.org/category/baroque/ilgner-p/
Johann Christian Jacobi,Baroque,https://www.cglib.org/category/baroque/jacobi-johann-christian/
Johann Hieronymus Kapsberger,Baroque,https://www.cglib.org/category/baroque/kapsberger-johann-hieronymus/
David Kellner,Baroque,https://www.cglib.org/category/baroque/kellner-david/
Jakob Kremberg,Baroque,https://www.cglib.org/category/baroque/kremberg-jakob/
Adam Krieger,Baroque,https://www.cglib.org/category/baroque/krieger-adam/
Johann Kropffgans,Baroque,https://www.cglib.org/category/baroque/kropffgans-johann/
Johann Kuhnau,Baroque,https://www.cglib.org/category/baroque/kuhnau-johann/
Johann Michael Kühnel,Baroque,https://www.cglib.org/category/baroque/kuhnel-johann-michael/
Alex Lambert,Baroque,https://www.cglib.org/category/baroque/lambert-alex/
Wolff Jacob Lauffensteiner,Baroque,https://www.cglib.org/category/baroque/lauffensteiner-wolff-jacob/
William Lawes,Baroque,https://www.cglib.org/category/baroque/lawes-william/
Francois Le Cocq,Baroque,https://www.cglib.org/category/baroque/le-cocq-francois/
Jan Antonín Losy,Baroque,https://www.cglib.org/category/baroque/losy-jan-antonin/
Thomas Mace,Baroque,https://www.cglib.org/category/baroque/mace-thomas/
Marin Marais,Baroque,https://www.cglib.org/category/baroque/marais-marin/
Johann Mattheson,Baroque,https://www.cglib.org/category/baroque/mattheson-johann/
Jean Mercure,Baroque,https://www.cglib.org/category/baroque/mercure-jean/
Gottfried Meüsel,Baroque,https://www.cglib.org/category/baroque/meusel-gottfried/
Simone Molinaro,Baroque,https://www.cglib.org/category/baroque/molinaro-simone/
Charles Mouton,Baroque,https://www.cglib.org/category/baroque/mouton-charles/
Santiago de Murcia,Baroque,https://www.cglib.org/category/baroque/murcia-santiago-de/
Antonio Maria Nava,Baroque,https://www.cglib.org/category/baroque/nava-antonio-maria/
J Nicolai,Baroque,https://www.cglib.org/category/baroque/nicolai-j-m/
Turlough OCarolan,Baroque,https://www.cglib.org/category/baroque/ocarolan-turlough/
Johann Pachelbel,Baroque,https://www.cglib.org/category/baroque/pachelbel-johann/
Martin Pearson,Baroque,https://www.cglib.org/category/baroque/pearson-martin/
Domenico Pellegrini,Baroque,https://www.cglib.org/category/baroque/pellegrini-domenico/
Christian Petzold,Baroque,https://www.cglib.org/category/baroque/petzold-christian/
Alessandro Piccinini,Baroque,https://www.cglib.org/category/baroque/piccinini-alessandro/
Placide Marie Pichler,Baroque,https://www.cglib.org/category/baroque/pichler-placide-marie/
Philipp Hyacinth Prince Lobkowitz,Baroque,https://www.cglib.org/category/baroque/prince-lobkowitz-philipp-hyacinth/
Henry Purcell,Baroque,https://www.cglib.org/category/baroque/purcell-henry/
Jean Philippe Rameau,Baroque,https://www.cglib.org/category/baroque/rameau-jean-philippe/
Esaias Reusner,Baroque,https://www.cglib.org/category/baroque/reusner-esaias/
Conte Ludovico Roncalli,Baroque,https://www.cglib.org/category/baroque/roncalli-conte-ludovico/
Pietro Paolo Sabbatini,Baroque,https://www.cglib.org/category/baroque/sabbatini-pietro-paolo/
Gaspar Sanz,Baroque,https://www.cglib.org/category/baroque/sanz-gaspar/
Alessandro Scarlatti,Baroque,https://www.cglib.org/category/baroque/scarlatti-alessandro/
Domenico Scarlatti,Baroque,https://www.cglib.org/category/baroque/scarlatti-domenico/
Johann Hermann Schein,Baroque,https://www.cglib.org/category/baroque/schein-johann-hermann/
Antonio Soler,Baroque,https://www.cglib.org/category/baroque/soler-antonio/
Luc St,Baroque,https://www.cglib.org/category/baroque/st-luc-jacques/
Giovanni Stefani,Baroque,https://www.cglib.org/category/baroque/stefani-giovanni/
Georg Philipp Telemann,Baroque,https://www.cglib.org/category/baroque/telemann-georg-philipp/
Nicolaes Vallet,Baroque,https://www.cglib.org/category/baroque/vallet-nicolaes/
Robert de Visee,Baroque,https://www.cglib.org/category/baroque/visee-robert-de/
Antonio Vivaldi,Baroque,https://www.cglib.org/category/baroque/vivaldi-antonio/
Johann Georg Weichenberger,Baroque,https://www.cglib.org/category/baroque/weichenberger-johann-georg/
Sylvius Leopold Weiss,Baroque,https://www.cglib.org/category/baroque/weiss-sylvius-leopold/
John Wilson,Baroque,https://www.cglib.org/category/baroque/wilson-john/
Fray Gregorio Zuola,Baroque,https://www.cglib.org/category/baroque/zuola-fray-gregorio/
Carl Friedrich Abel,Classical,https://www.cglib.org/category/classical/abel-carl-friedrich/
Antonio Abreu,Classical,https://www.cglib.org/category/classical/abreu-antonio/
F Abtler,Classical,https://www.cglib.org/category/classical/abtler-f/
Semen Nikolaevich Aksenov,Classical,https://www.cglib.org/category/classical/aksenov-semen-nikolaevich/
Johann Andreas Amon,Classical,https://www.cglib.org/category/classical/amon-johann-andreas/
Ernst Gebhard Anschutz,Classical,https://www.cglib.org/category/classical/anschutz-ernst-gebhard/
Juan de Arizpacochaga,Classical,https://www.cglib.org/category/classical/arizpacochaga-juan-de/
Joaquín Asiaín,Classical,https://www.cglib.org/category/classical/asiain-joaquin/
Daniel-François-Esprit Auber,Classical,https://www.cglib.org/category/classical/auber-daniel-francois-esprit/
Edmond Audran,Classical,https://www.cglib.org/category/classical/audran-edmond/
Auguste Auersperg,Classical,https://www.cglib.org/category/classical/auersperg-auguste/
Carl Philipp Emanuel Bach,Classical,https://www.cglib.org/category/classical/bach-carl-philipp-emanuel/
Michael William Balfe,Classical,https://www.cglib.org/category/classical/balfe-michael-william/
James Ballard,Classical,https://www.cglib.org/category/classical/ballard-james/
Luigi Balochi,Classical,https://www.cglib.org/category/classical/balochi-luigi/
Francisco Baltar,Classical,https://www.cglib.org/category/classical/baltar-francisco/
Francisco Asenjo Barbieri,Classical,https://www.cglib.org/category/classical/barbieri-francisco-asenjo/
de Barco,Classical,https://www.cglib.org/category/classical/barco-de/
Ludwig van Beethoven,Classical,https://www.cglib.org/category/classical/beethoven-ludwig-van/
Carl Michael Bellman,Classical,https://www.cglib.org/category/classical/bellman-carl-michael/
Cosme José de Benito,Classical,https://www.cglib.org/category/classical/benito-cosme-jose-de/
J Bertini,Classical,https://www.cglib.org/category/classical/bertini-j/
Henri-Montan Berton,Classical,https://www.cglib.org/category/classical/berton-henri-montan/
Luigi Boccherini,Classical,https://www.cglib.org/category/classical/boccherini-luigi/
Nicholas Charles Bochsa,Classical,https://www.cglib.org/category/classical/bochsa-nicholas-charles/
Francois Adrien Boieldieu,Classical,https://www.cglib.org/category/classical/boieldieu-francois-adrien/
Pablo Bonrostro,Classical,https://www.cglib.org/category/classical/bonrostro-pablo/
Johann Heinrich Carl Bornhardt,Classical,https://www.cglib.org/category/classical/bornhardt-johann-heinrich-carl/
V Borrero,Classical,https://www.cglib.org/category/classical/borrero-v/
Bartolomeo Bortolazzi,Classical,https://www.cglib.org/category/classical/bortolazzi-bartolomeo/
F Brand,Classical,https://www.cglib.org/category/classical/brand-f/
Gustav Brandes,Classical,https://www.cglib.org/category/classical/brandes-gustav/
Anthony Brown,Classical,https://www.cglib.org/category/classical/brown-anthony/
Burjam,Classical,https://www.cglib.org/category/classical/burjam/
J Busch,Classical,https://www.cglib.org/category/classical/busch-j-g/
Dn Busto,Classical,https://www.cglib.org/category/classical/busto-dn-f-del/
Leonhard von Call,Classical,https://www.cglib.org/category/classical/call-leonhard-von/
Johann Nepomuk Capeller,Classical,https://www.cglib.org/category/classical/capeller-johann-nepomuk/
Matteo Carcassi,Classical,https://www.cglib.org/category/classical/carcassi-matteo/
Louis Ange Carpentras,Classical,https://www.cglib.org/category/classical/carpentras-louis-ange/
Ferdinando Carulli,Classical,https://www.cglib.org/category/classical/carulli-ferdinando/
Salvador de Gistau Castro,Classical,https://www.cglib.org/category/classical/castro-salvador-de-gistau/
Charles-Simon Catel,Classical,https://www.cglib.org/category/classical/catel-charles-simon/
Luigi Cherubini,Classical,https://www.cglib.org/category/classical/cherubini-luigi/
Domenico Cimarosa,Classical,https://www.cglib.org/category/classical/cimarosa-domenico/
Segundo Contreras,Classical,https://www.cglib.org/category/classical/contreras-segundo/
Thomas Cooke,Classical,https://www.cglib.org/category/classical/cooke-thomas/
Martin Pierre Dalvimare,Classical,https://www.cglib.org/category/classical/dalvimare-martin-pierre/
Pierre-Antoine-Dominique Della-Maria,Classical,https://www.cglib.org/category/classical/della-maria-pierre-antoine-dominique/
Christian Dickhut,Classical,https://www.cglib.org/category/classical/dickhut-christian/
Joseph Denis Doche,Classical,https://www.cglib.org/category/classical/doche-joseph-denis/
F Drexel,Classical,https://www.cglib.org/category/classical/drexel-f/
Louis Francois Philippe Drouet,Classical,https://www.cglib.org/category/classical/drouet-louis-francois-philippe/
Etienne Dunst,Classical,https://www.cglib.org/category/classical/dunst-etienne/
Francisco Estévez Aires,Classical,https://www.cglib.org/category/classical/estevez-aires-francisco/
Fernando Ferandiere,Classical,https://www.cglib.org/category/classical/ferandiere-fernando/
Fernando Ferrandiere,Classical,https://www.cglib.org/category/classical/ferrandiere-fernando/
Jean Baptiste de Fier,Classical,https://www.cglib.org/category/classical/fier-jean-baptiste-de/
P Fierlein,Classical,https://www.cglib.org/category/classical/fierlein-p-f/
François de Fossa,Classical,https://www.cglib.org/category/classical/fossa-francois-de/
Anton Bernhard Furstenau,Classical,https://www.cglib.org/category/classical/furstenau-anton-bernhard/
Kaspar Furstenau,Classical,https://www.cglib.org/category/classical/furstenau-kaspar/
Edmée-Sophie Garre Gail,Classical,https://www.cglib.org/category/classical/gail-edmee-sophie-garre/
Robert Graf von Gallenberg,Classical,https://www.cglib.org/category/classical/gallenberg-robert-graf-von/
Josep Galles,Classical,https://www.cglib.org/category/classical/galles-josep/
Guillaume Pierre Antoine Gatayes,Classical,https://www.cglib.org/category/classical/gatayes-guillaume-pierre-antoine/
Theodor Gaude,Classical,https://www.cglib.org/category/classical/gaude-theodor/
F Gelli,Classical,https://www.cglib.org/category/classical/gelli-f-vincent/
Mauro Giuliani,Classical,https://www.cglib.org/category/classical/giuliani-mauro/
Michel Giuliani,Classical,https://www.cglib.org/category/classical/giuliani-michel/
Christoph Willibald Gluck,Classical,https://www.cglib.org/category/classical/gluck-christoph-willibald/
Nevares de Goñi,Classical,https://www.cglib.org/category/classical/goni-nevares-de/
Filippo Gragnani,Classical,https://www.cglib.org/category/classical/gragnani-filippo/
André Ernest Modeste Grétry,Classical,https://www.cglib.org/category/classical/gretry-andre-ernest-modeste/
D Hamm,Classical,https://www.cglib.org/category/classical/hamm-d-c-l/
Franz Joseph Haydn,Classical,https://www.cglib.org/category/classical/haydn-franz-joseph/
Felix Horetzky,Classical,https://www.cglib.org/category/classical/horetzky-felix/
Pablo Huertos,Classical,https://www.cglib.org/category/classical/huertos-pablo/
Johann Nepomuk Hummel,Classical,https://www.cglib.org/category/classical/hummel-johann-nepomuk/
Nicolas Isouard,Classical,https://www.cglib.org/category/classical/isouard-nicolas/
Louis Emmanuel Jadin,Classical,https://www.cglib.org/category/classical/jadin-louis-emmanuel/
Johann Nepomuk Kapeller,Classical,https://www.cglib.org/category/classical/kapeller-johann-nepomuk/
George Kiallmark,Classical,https://www.cglib.org/category/classical/kiallmark-george/
Joseph Kuffner,Classical,https://www.cglib.org/category/classical/kuffner-joseph/
Frederik Kuhlau,Classical,https://www.cglib.org/category/classical/kuhlau-frederik/
Ysidro Laporta,Classical,https://www.cglib.org/category/classical/laporta-ysidro/
Tomás Lardíes,Classical,https://www.cglib.org/category/classical/lardies-tomas/
António da Silva Leite,Classical,https://www.cglib.org/category/classical/leite-antonio-da-silva/
Charles de Marescot,Classical,https://www.cglib.org/category/classical/marescot-charles-de/
Atanasio Martiní Ignacio Vicente Martín y Soler,Classical,https://www.cglib.org/category/classical/martin-y-soler-atanasio-martini-ignacio-vicente/
Johann Paul Aegidius Martini,Classical,https://www.cglib.org/category/classical/martini-johann-paul-aegidius/
Wenzel Thomas Matiegka,Classical,https://www.cglib.org/category/classical/matiegka-wenzel-thomas/
Joseph Mayseder,Classical,https://www.cglib.org/category/classical/mayseder-joseph/
Etienne-Nicolas Mehul,Classical,https://www.cglib.org/category/classical/mehul-etienne-nicolas/
Joseph Meissonnier,Classical,https://www.cglib.org/category/classical/meissonnier-joseph/
Simon Molitor,Classical,https://www.cglib.org/category/classical/molitor-simon/
Federico Moretti,Classical,https://www.cglib.org/category/classical/moretti-federico/
Luigi Moretti,Classical,https://www.cglib.org/category/classical/moretti-luigi/
Michele Mortellari,Classical,https://www.cglib.org/category/classical/mortellari-michele/
Wolfgang Amadeus Mozart,Classical,https://www.cglib.org/category/classical/mozart-wolfgang-amadeus/
Wenzel Muller,Classical,https://www.cglib.org/category/classical/muller-wenzel/
François Joseph Naderman,Classical,https://www.cglib.org/category/classical/naderman-francois-joseph/
Ferdinando Paer,Classical,https://www.cglib.org/category/classical/paer-ferdinando/
Giovanni Paisiello,Classical,https://www.cglib.org/category/classical/paisiello-giovanni/
John Parry,Classical,https://www.cglib.org/category/classical/parry-john/
Ignaz Joseph Pleyel,Classical,https://www.cglib.org/category/classical/pleyel-ignaz-joseph/
Vincenzo Pucitta,Classical,https://www.cglib.org/category/classical/pucitta-vincenzo/
Jon Fredr Reinhardt,Classical,https://www.cglib.org/category/classical/reinhardt-jon-fredr/
Pierre Rode,Classical,https://www.cglib.org/category/classical/rode-pierre/
Andrés Rosquellas,Classical,https://www.cglib.org/category/classical/rosquellas-andres/
Claude Rouget de Lisle,Classical,https://www.cglib.org/category/classical/rouget-de-lisle-claude/
Christian Gottlieb Scheidler,Classical,https://www.cglib.org/category/classical/scheidler-christian-gottlieb/
Hans Schmid-Kayser,Classical,https://www.cglib.org/category/classical/schmid-kayser-hans/
Vincenz Schuster,Classical,https://www.cglib.org/category/classical/schuster-vincenz/
Fernando Sor,Classical,https://www.cglib.org/category/classical/sor-fernando/
Gaspare Spontini,Classical,https://www.cglib.org/category/classical/spontini-gaspare/
Ph Süssmann,Classical,https://www.cglib.org/category/classical/sussmann-ph/
Angelo Tarchi,Classical,https://www.cglib.org/category/classical/tarchi-angelo/
Waldemar Thrane,Classical,https://www.cglib.org/category/classical/thrane-waldemar/
Pedro Ximenes Abril Tirado,Classical,https://www.cglib.org/category/classical/tirado-pedro-ximenes-abril/
Vincenz Franz Tuczek,Classical,https://www.cglib.org/category/classical/tuczek-vincenz-franz/
Christoph Ernst Friedrich Weyse,Classical,https://www.cglib.org/category/classical/weyse-christoph-ernst-friedrich/
Alois Joseph Anton Balthasar Wolf,Classical,https://www.cglib.org/category/classical/wolf-alois-joseph-anton-balthasar/
Zequinha de Abreu,Romantic,https://www.cglib.org/category/romantic/abreu-zequinha-de/
Adolphe Adam,Romantic,https://www.cglib.org/category/romantic/adam-adolphe/
Salvatore Agostini,Romantic,https://www.cglib.org/category/romantic/agostini-salvatore/
Dionisio Aguado,Romantic,https://www.cglib.org/category/romantic/aguado-dionisio/
Julián Aguirre,Romantic,https://www.cglib.org/category/romantic/aguirre-julian/
Waldemar Ahlén,Romantic,https://www.cglib.org/category/romantic/ahlen-waldemar/
Juan Alais,Romantic,https://www.cglib.org/category/romantic/alais-juan/
Antonio Alba,Romantic,https://www.cglib.org/category/romantic/alba-antonio/
Nicanor Albarellos,Romantic,https://www.cglib.org/category/romantic/albarellos-nicanor/
Isaac Albeniz,Romantic,https://www.cglib.org/category/romantic/albeniz-isaac/
Heinrich Albert,Romantic,https://www.cglib.org/category/romantic/albert-heinrich/
Nikolai Alexandrov,Romantic,https://www.cglib.org/category/romantic/alexandrov-nikolai/
Alexeeff,Romantic,https://www.cglib.org/category/romantic/alexeeff/
Bautista Almiron,Romantic,https://www.cglib.org/category/romantic/almiron-bautista/
Enrico Aloisi,Romantic,https://www.cglib.org/category/romantic/aloisi-enrico/
Giovanni Amato,Romantic,https://www.cglib.org/category/romantic/amato-giovanni/
Francesco Amoroso,Romantic,https://www.cglib.org/category/romantic/amoroso-francesco/
Giuseppe Anelli,Romantic,https://www.cglib.org/category/romantic/anelli-giuseppe/
Antoni Anson,Romantic,https://www.cglib.org/category/romantic/anson-antoni/
Marino Antonelli,Romantic,https://www.cglib.org/category/romantic/antonelli-marino/
Pedro Aperte,Romantic,https://www.cglib.org/category/romantic/aperte-pedro/
Julian Arcas,Romantic,https://www.cglib.org/category/romantic/arcas-julian/
Luigi Arditi,Romantic,https://www.cglib.org/category/romantic/arditi-luigi/
Rafael Arias,Romantic,https://www.cglib.org/category/romantic/arias-rafael/
Etienne Arnaud,Romantic,https://www.cglib.org/category/romantic/arnaud-etienne/
F Arnold,Romantic,https://www.cglib.org/category/romantic/arnold-f-w/
Emilio Arrieta,Romantic,https://www.cglib.org/category/romantic/arrieta-emilio/
Giorgio Ballig,Romantic,https://www.cglib.org/category/romantic/ballig-giorgio/
Girolamo Barbieri,Romantic,https://www.cglib.org/category/romantic/barbieri-girolamo/
John Barnett,Romantic,https://www.cglib.org/category/romantic/barnett-john/
Agustín Barrios,Romantic,https://www.cglib.org/category/romantic/barrios-agustin/
Angel Barrious,Romantic,https://www.cglib.org/category/romantic/barrious-angel/
Francesco Bathioli,Romantic,https://www.cglib.org/category/romantic/bathioli-francesco/
Eduard Bayer,Romantic,https://www.cglib.org/category/romantic/bayer-eduard/
Ángel Baylón,Romantic,https://www.cglib.org/category/romantic/baylon-angel/
Thomas Haynes Bayly,Romantic,https://www.cglib.org/category/romantic/bayly-thomas-haynes/
Amédée de Beauplan,Romantic,https://www.cglib.org/category/romantic/beauplan-amedee-de/
George Becker,Romantic,https://www.cglib.org/category/romantic/becker-george/
Vincenzo Bellini,Romantic,https://www.cglib.org/category/romantic/bellini-vincenzo/
G Bemis,Romantic,https://www.cglib.org/category/romantic/bemis-g-w/
Valentin Bender,Romantic,https://www.cglib.org/category/romantic/bender-valentin/
Angelo Maria Benincori,Romantic,https://www.cglib.org/category/romantic/benincori-angelo-maria/
Antoine Tranquille Berbiguier,Romantic,https://www.cglib.org/category/romantic/berbiguier-antoine-tranquille/
Hector Berlioz,Romantic,https://www.cglib.org/category/romantic/berlioz-hector/
Attilio Bernardini,Romantic,https://www.cglib.org/category/romantic/bernardini-attilio/
Alexander Bertioli,Romantic,https://www.cglib.org/category/romantic/bertioli-alexander/
Andr Binder,Romantic,https://www.cglib.org/category/romantic/binder-andr-alois/
Frederik Birket-Smith,Romantic,https://www.cglib.org/category/romantic/birket-smith-frederik/
Henry R Bishop,Romantic,https://www.cglib.org/category/romantic/bishop-henry-r/
Georges Bizet,Romantic,https://www.cglib.org/category/romantic/bizet-georges/
John Blockley,Romantic,https://www.cglib.org/category/romantic/blockley-john/
Carl Blum,Romantic,https://www.cglib.org/category/romantic/blum-carl/
Johann Nepomuk von Bobrowicz,Romantic,https://www.cglib.org/category/romantic/bobrowicz-johann-nepomuk-von/
F Bodstein,Romantic,https://www.cglib.org/category/romantic/bodstein-f-a/
Arrigo Boito,Romantic,https://www.cglib.org/category/romantic/boito-arrigo/
H Bollman,Romantic,https://www.cglib.org/category/romantic/bollman-h/
Oreste Bongini,Romantic,https://www.cglib.org/category/romantic/bongini-oreste/
C Bono,Romantic,https://www.cglib.org/category/romantic/bono-c/
Alexander Borodin,Romantic,https://www.cglib.org/category/romantic/borodin-alexander/
Jacques Bosch,Romantic,https://www.cglib.org/category/romantic/bosch-jacques/
Will Bostwick,Romantic,https://www.cglib.org/category/romantic/bostwick-will-j/
Jean Joseph Bott,Romantic,https://www.cglib.org/category/romantic/bott-jean-joseph/
Aubéry du Boulley,Romantic,https://www.cglib.org/category/romantic/boulley-aubery-du/
Louis Brachet,Romantic,https://www.cglib.org/category/romantic/brachet-louis/
Gaetano Braga,Romantic,https://www.cglib.org/category/romantic/braga-gaetano/
Johannes Brahms,Romantic,https://www.cglib.org/category/romantic/brahms-johannes/
F Brandau,Romantic,https://www.cglib.org/category/romantic/brandau-f-w/
Giuseppe Branzoli,Romantic,https://www.cglib.org/category/romantic/branzoli-giuseppe/
Jose Broca,Romantic,https://www.cglib.org/category/romantic/broca-jose/
Johann Friedrich Burgmuller,Romantic,https://www.cglib.org/category/romantic/burgmuller-johann-friedrich/
Juan Buscaglia,Romantic,https://www.cglib.org/category/romantic/buscaglia-juan/
Rezio Buscaroli,Romantic,https://www.cglib.org/category/romantic/buscaroli-rezio/
Francesco Calegari,Romantic,https://www.cglib.org/category/romantic/calegari-francesco/
Carl Calsino,Romantic,https://www.cglib.org/category/romantic/calsino-carl/
Jose Campo Castro,Romantic,https://www.cglib.org/category/romantic/campo-castro-jose/
Ignacio Agustín Campo,Romantic,https://www.cglib.org/category/romantic/campo-ignacio-agustin/
C Cannas,Romantic,https://www.cglib.org/category/romantic/cannas-c/
Antonio Cano,Romantic,https://www.cglib.org/category/romantic/cano-antonio/
Federico Cano,Romantic,https://www.cglib.org/category/romantic/cano-federico/
Vicente Caprino Maineri,Romantic,https://www.cglib.org/category/romantic/caprino-maineri-vicente/
Gennaro Caputo,Romantic,https://www.cglib.org/category/romantic/caputo-gennaro/
Carnaud,Romantic,https://www.cglib.org/category/romantic/carnaud/
Ramón Carnicer,Romantic,https://www.cglib.org/category/romantic/carnicer-ramon/
Ermenegildo Carosio,Romantic,https://www.cglib.org/category/romantic/carosio-ermenegildo/
Ettore Carosio,Romantic,https://www.cglib.org/category/romantic/carosio-ettore/
Joaquin Casanovas,Romantic,https://www.cglib.org/category/romantic/casanovas-joaquin/
Luigi Castellacci,Romantic,https://www.cglib.org/category/romantic/castellacci-luigi/
Francesco Castelli,Romantic,https://www.cglib.org/category/romantic/castelli-francesco/
David del Castillo,Romantic,https://www.cglib.org/category/romantic/castillo-david-del/
Juan de Castro,Romantic,https://www.cglib.org/category/romantic/castro-juan-de/
Alfredo Catalani,Romantic,https://www.cglib.org/category/romantic/catalani-alfredo/
Guillermo Cereceda,Romantic,https://www.cglib.org/category/romantic/cereceda-guillermo/
Cecile Chaminade,Romantic,https://www.cglib.org/category/romantic/chaminade-cecile/
Ernest Chausson,Romantic,https://www.cglib.org/category/romantic/chausson-ernest/
Frederic Chopin,Romantic,https://www.cglib.org/category/romantic/chopin-frederic/
Pio Cianchettini,Romantic,https://www.cglib.org/category/romantic/cianchettini-pio/
Don Jose Maria de Ciebra,Romantic,https://www.cglib.org/category/romantic/ciebra-don-jose-maria-de/
Francisco Cimadevilla,Romantic,https://www.cglib.org/category/romantic/cimadevilla-francisco/
Cirineo,Romantic,https://www.cglib.org/category/romantic/cirineo/
Jules Cohen,Romantic,https://www.cglib.org/category/romantic/cohen-jules/
José Conde,Romantic,https://www.cglib.org/category/romantic/conde-jose/
Camillo Consorti,Romantic,https://www.cglib.org/category/romantic/consorti-camillo/
Fernando Cruz Cordero,Romantic,https://www.cglib.org/category/romantic/cordero-fernando-cruz/
José Costa,Romantic,https://www.cglib.org/category/romantic/costa-jose/
Onorato Costa,Romantic,https://www.cglib.org/category/romantic/costa-onorato/
Napoleon Coste,Romantic,https://www.cglib.org/category/romantic/coste-napoleon/
Alfred Cottin,Romantic,https://www.cglib.org/category/romantic/cottin-alfred/
A Cowell,Romantic,https://www.cglib.org/category/romantic/cowell-a/
G Cranz,Romantic,https://www.cglib.org/category/romantic/cranz-g-w-v/
John Thomas Craven,Romantic,https://www.cglib.org/category/romantic/craven-john-thomas/
Frederick William Nicholls Croft,Romantic,https://www.cglib.org/category/romantic/crouch-frederick-william-nicholls/
Saverio Cucci,Romantic,https://www.cglib.org/category/romantic/cucci-saverio/
Friedrich Curschmann,Romantic,https://www.cglib.org/category/romantic/curschmann-friedrich/
Carl Czerny,Romantic,https://www.cglib.org/category/romantic/czerny-carl/
J Dabedeille,Romantic,https://www.cglib.org/category/romantic/dabedeille-j/
Daidi,Romantic,https://www.cglib.org/category/romantic/daidi/
Tomas Damas,Romantic,https://www.cglib.org/category/romantic/damas-tomas/
J Darcier,Romantic,https://www.cglib.org/category/romantic/darcier-j-l/
Adam Darr,Romantic,https://www.cglib.org/category/romantic/darr-adam/
Johann Decker-Schenk,Romantic,https://www.cglib.org/category/romantic/decker-schenk-johann/
Soffren Degen,Romantic,https://www.cglib.org/category/romantic/degen-soffren/
Leo Delibes,Romantic,https://www.cglib.org/category/romantic/delibes-leo/
William R Dempster,Romantic,https://www.cglib.org/category/romantic/dempster-william-r/
George Henry Derwort,Romantic,https://www.cglib.org/category/romantic/derwort-george-henry/
P Desrivières,Romantic,https://www.cglib.org/category/romantic/desrivieres-p-rougeon/
Anton Diabelli,Romantic,https://www.cglib.org/category/romantic/diabelli-anton/
L Dietrich,Romantic,https://www.cglib.org/category/romantic/dietrich-l-v/
T Dipple,Romantic,https://www.cglib.org/category/romantic/dipple-t-j/
Susan Domett,Romantic,https://www.cglib.org/category/romantic/domett-susan/
T Domingo Palacio,Romantic,https://www.cglib.org/category/romantic/domingo-palacio-t/
Gaetano Donizetti,Romantic,https://www.cglib.org/category/romantic/donizetti-gaetano/
Justus Johann Friedrich Dotzauer,Romantic,https://www.cglib.org/category/romantic/dotzauer-justus-johann-friedrich/
Johann Dubez,Romantic,https://www.cglib.org/category/romantic/dubez-johann/
Jean Baptiste Duvernoy,Romantic,https://www.cglib.org/category/romantic/duvernoy-jean-baptiste/
Antonin Dvorak,Romantic,https://www.cglib.org/category/romantic/dvorak-antonin/
Georg Edel,Romantic,https://www.cglib.org/category/romantic/edel-georg/
Adolph Julius Eggers,Romantic,https://www.cglib.org/category/romantic/eggers-adolph-julius/
Juan Pedro Esnaola,Romantic,https://www.cglib.org/category/romantic/esnaola-juan-pedro/
J Etherington,Romantic,https://www.cglib.org/category/romantic/etherington-j/
Charles Eulenstein,Romantic,https://www.cglib.org/category/romantic/eulenstein-charles/
C Ewereng,Romantic,https://www.cglib.org/category/romantic/ewereng-c-g/
Joseph Fahrbach,Romantic,https://www.cglib.org/category/romantic/fahrbach-joseph/
Salvatore Falbo,Romantic,https://www.cglib.org/category/romantic/falbo-salvatore/
Gabriel Fauré,Romantic,https://www.cglib.org/category/romantic/faure-gabriel/
Giuseppe Fenoglio,Romantic,https://www.cglib.org/category/romantic/fenoglio-giuseppe/
Manuel Fernández Caballero,Romantic,https://www.cglib.org/category/romantic/fernandez-caballero-manuel/
Ettore Feroci,Romantic,https://www.cglib.org/category/romantic/feroci-ettore/
Aldo Ferrari,Romantic,https://www.cglib.org/category/romantic/ferrari-aldo/
Jose Ferrer Esteve,Romantic,https://www.cglib.org/category/romantic/ferrer-esteve-jose/
Manuel Y Ferrer,Romantic,https://www.cglib.org/category/romantic/ferrer-manuel-y/
Heinrich Fischer,Romantic,https://www.cglib.org/category/romantic/fischer-heinrich/
Wm Fletcher,Romantic,https://www.cglib.org/category/romantic/fletcher-wm-h/
Friedrich Flotow,Romantic,https://www.cglib.org/category/romantic/flotow-friedrich/
William Foden,Romantic,https://www.cglib.org/category/romantic/foden-william/
Chas Ford,Romantic,https://www.cglib.org/category/romantic/ford-chas/
Mario Foresi,Romantic,https://www.cglib.org/category/romantic/foresi-mario/
Severino Garcia Fortea,Romantic,https://www.cglib.org/category/romantic/fortea-severino-garcia/
Ferdinando Francia,Romantic,https://www.cglib.org/category/romantic/francia-ferdinando/
César Franck,Romantic,https://www.cglib.org/category/romantic/franck-cesar/
Johannes Frederik Frohlich,Romantic,https://www.cglib.org/category/romantic/frohlich-johannes-frederik/
C Fusani,Romantic,https://www.cglib.org/category/romantic/fusani-c-a/
Gustavo Gabet,Romantic,https://www.cglib.org/category/romantic/gabet-gustavo/
Niels W Gade,Romantic,https://www.cglib.org/category/romantic/gade-niels-w/
Charles de Gaertner,Romantic,https://www.cglib.org/category/romantic/gaertner-charles-de/
Salvatore Galea Abela,Romantic,https://www.cglib.org/category/romantic/galea-abela-salvatore/
A García,Romantic,https://www.cglib.org/category/romantic/garcia-a/
Manuel García,Romantic,https://www.cglib.org/category/romantic/garcia-manuel/
Enea Gardana,Romantic,https://www.cglib.org/category/romantic/gardana-enea/
Gatterman,Romantic,https://www.cglib.org/category/romantic/gatterman/
F Gaude,Romantic,https://www.cglib.org/category/romantic/gaude-f/
Leonard Gautier,Romantic,https://www.cglib.org/category/romantic/gautier-leonard/
Erik Gustaf Geijer,Romantic,https://www.cglib.org/category/romantic/geijer-erik-gustaf/
Pietro Generali,Romantic,https://www.cglib.org/category/romantic/generali-pietro/
Rudolf Gernlein,Romantic,https://www.cglib.org/category/romantic/gernlein-rudolf/
William T Gery,Romantic,https://www.cglib.org/category/romantic/gery-william-t/
Salvador Gil,Romantic,https://www.cglib.org/category/romantic/gil-salvador/
Andrea Gilardenghi,Romantic,https://www.cglib.org/category/romantic/gilardenghi-andrea/
Henri Noel Gilles,Romantic,https://www.cglib.org/category/romantic/gilles-henri-noel/
Emilia Giuliani-Guglielmi,Romantic,https://www.cglib.org/category/romantic/giuliani-guglielmi-emilia/
Alexander Glazunov,Romantic,https://www.cglib.org/category/romantic/glazunov-alexander/
Mikhail Glinka,Romantic,https://www.cglib.org/category/romantic/glinka-mikhail/
Stephen Ralph Glover,Romantic,https://www.cglib.org/category/romantic/glover-stephen-ralph/
S Godbé,Romantic,https://www.cglib.org/category/romantic/godbe-s/
Friedrich Karl Gollmick,Romantic,https://www.cglib.org/category/romantic/gollmick-friedrich-karl/
Florencio Gomez Parreno,Romantic,https://www.cglib.org/category/romantic/gomez-parreno-florencio/
José Melchor Gomis,Romantic,https://www.cglib.org/category/romantic/gomis-jose-melchor/
Charles Gondy,Romantic,https://www.cglib.org/category/romantic/gondy-charles/
Charles Gore,Romantic,https://www.cglib.org/category/romantic/gore-charles/
Alois Gotz,Romantic,https://www.cglib.org/category/romantic/gotz-alois/
Goulé,Romantic,https://www.cglib.org/category/romantic/goule/
Charles Gounod,Romantic,https://www.cglib.org/category/romantic/gounod-charles/
J Graille,Romantic,https://www.cglib.org/category/romantic/graille-j/
Enrique Granados,Romantic,https://www.cglib.org/category/romantic/granados-enrique/
Carlo Graziani-Walter,Romantic,https://www.cglib.org/category/romantic/graziani-walter-carlo/
Ercole Grechi,Romantic,https://www.cglib.org/category/romantic/grechi-ercole/
Edvard Grieg,Romantic,https://www.cglib.org/category/romantic/grieg-edvard/
H Grierson,Romantic,https://www.cglib.org/category/romantic/grierson-h/
Albert Grisar,Romantic,https://www.cglib.org/category/romantic/grisar-albert/
Carlo Grosso,Romantic,https://www.cglib.org/category/romantic/grosso-carlo/
Franz Xavier Gruber,Romantic,https://www.cglib.org/category/romantic/gruber-franz-xavier/
J Guérin,Romantic,https://www.cglib.org/category/romantic/guerin-j-h/
Giuseppe Guindani,Romantic,https://www.cglib.org/category/romantic/guindani-giuseppe/
Alexandre de Guiry,Romantic,https://www.cglib.org/category/romantic/guiry-alexandre-de/
W Gurin,Romantic,https://www.cglib.org/category/romantic/gurin-w/
Ramon Gutierrez-Parada,Romantic,https://www.cglib.org/category/romantic/gutierrez-parada-ramon/
Robert Guylott,Romantic,https://www.cglib.org/category/romantic/guylott-robert/
W Hagart,Romantic,https://www.cglib.org/category/romantic/hagart-w-h/
August Harder,Romantic,https://www.cglib.org/category/romantic/harder-august/
Charles Harris,Romantic,https://www.cglib.org/category/romantic/harris-charles/
Joseph Macdonald Harris,Romantic,https://www.cglib.org/category/romantic/harris-joseph-macdonald/
Edward Hartenfels,Romantic,https://www.cglib.org/category/romantic/hartenfels-edward/
Johann Peter Emilius Hartmann,Romantic,https://www.cglib.org/category/romantic/hartmann-johann-peter-emilius/
Alphonse Hasselmans,Romantic,https://www.cglib.org/category/romantic/hasselmans-alphonse/
C Hayden,Romantic,https://www.cglib.org/category/romantic/hayden-c-v/
Winslow Lewis Hayden,Romantic,https://www.cglib.org/category/romantic/hayden-winslow-lewis/
Albert Heinrich,Romantic,https://www.cglib.org/category/romantic/heinrich-albert/
Peter Heise,Romantic,https://www.cglib.org/category/romantic/heise-peter/
Henry,Romantic,https://www.cglib.org/category/romantic/henry/
Adolph Henselt,Romantic,https://www.cglib.org/category/romantic/henselt-adolph/
Charles Henze,Romantic,https://www.cglib.org/category/romantic/henze-charles/
Isidoro Hernández,Romantic,https://www.cglib.org/category/romantic/hernandez-isidoro/
Ferdinand Herold,Romantic,https://www.cglib.org/category/romantic/herold-ferdinand/
Henri Herz,Romantic,https://www.cglib.org/category/romantic/herz-henri/
I Hibner,Romantic,https://www.cglib.org/category/romantic/hibner-i-g-h/
Wilhelm Hildebrand,Romantic,https://www.cglib.org/category/romantic/hildebrand-wilhelm/
B Hime,Romantic,https://www.cglib.org/category/romantic/hime-b/
Charles Hodgson,Romantic,https://www.cglib.org/category/romantic/hodgson-charles/
G Hodson,Romantic,https://www.cglib.org/category/romantic/hodson-g-a/
Paul Hofle,Romantic,https://www.cglib.org/category/romantic/hofle-paul/
Justin Holland,Romantic,https://www.cglib.org/category/romantic/holland-justin/
Charles Edward Horn,Romantic,https://www.cglib.org/category/romantic/horn-charles-edward/
Josiah Andrew Hudleston,Romantic,https://www.cglib.org/category/romantic/hudleston-josiah-andrew/
Panormo Huerta,Romantic,https://www.cglib.org/category/romantic/huerta-panormo/
Peter-Ernst Hunten,Romantic,https://www.cglib.org/category/romantic/hunten-peter-ernst/
José Hurtado,Romantic,https://www.cglib.org/category/romantic/hurtado-jose/
Pedro Antonio Iparraguirre,Romantic,https://www.cglib.org/category/romantic/iparraguirre-pedro-antonio/
Américo Jacominom,Romantic,https://www.cglib.org/category/romantic/jacominom-americo/
Friedrich Wilhelm Jahns,Romantic,https://www.cglib.org/category/romantic/jahns-friedrich-wilhelm/
Charles de Janon,Romantic,https://www.cglib.org/category/romantic/janon-charles-de/
Leopold Jansa,Romantic,https://www.cglib.org/category/romantic/jansa-leopold/
C Jansen,Romantic,https://www.cglib.org/category/romantic/jansen-c-w-j/
Charles Jefferys,Romantic,https://www.cglib.org/category/romantic/jefferys-charles/
Adolf Jensen,Romantic,https://www.cglib.org/category/romantic/jensen-adolf/
D Johnson,Romantic,https://www.cglib.org/category/romantic/johnson-d/
D Joly,Romantic,https://www.cglib.org/category/romantic/joly-d/
Matías de Jorge Rubio,Romantic,https://www.cglib.org/category/romantic/jorge-rubio-matias-de/
Edvard Gustav Kamps,Romantic,https://www.cglib.org/category/romantic/kamps-edvard-gustav/
Erno Karpati,Romantic,https://www.cglib.org/category/romantic/karpati-erno/
A Katurla,Romantic,https://www.cglib.org/category/romantic/katurla-a-f/
S Keene,Romantic,https://www.cglib.org/category/romantic/keene-s/
W Kirby,Romantic,https://www.cglib.org/category/romantic/kirby-w/
Joseph Kirkman,Romantic,https://www.cglib.org/category/romantic/kirkman-joseph/
William Kitchener,Romantic,https://www.cglib.org/category/romantic/kitchener-william/
Charles Kjerulf,Romantic,https://www.cglib.org/category/romantic/kjerulf-charles/
Iwan Klinger,Romantic,https://www.cglib.org/category/romantic/klinger-iwan/
Joseph Philip Knight,Romantic,https://www.cglib.org/category/romantic/knight-joseph-philip/
Francisco Max Knjze,Romantic,https://www.cglib.org/category/romantic/knjze-francisco-max/
Knoop,Romantic,https://www.cglib.org/category/romantic/knoop/
Robert Kohler,Romantic,https://www.cglib.org/category/romantic/kohler-robert/
Anton von Kontski,Romantic,https://www.cglib.org/category/romantic/kontski-anton-von/
Theodor Korner,Romantic,https://www.cglib.org/category/romantic/korner-theodor/
L Kragelund,Romantic,https://www.cglib.org/category/romantic/kragelund-l-charles/
V Kraus,Romantic,https://www.cglib.org/category/romantic/kraus-v/
Joseph Kreutzer,Romantic,https://www.cglib.org/category/romantic/kreutzer-joseph/
Rodolphe Kreutzer,Romantic,https://www.cglib.org/category/romantic/kreutzer-rodolphe/
Kaspar Kummer,Romantic,https://www.cglib.org/category/romantic/kummer-kaspar/
Toivo Kuula,Romantic,https://www.cglib.org/category/romantic/kuula-toivo/
Théodore Labarre,Romantic,https://www.cglib.org/category/romantic/labarre-theodore/
Anibal Ladru,Romantic,https://www.cglib.org/category/romantic/ladru-anibal/
Lami,Romantic,https://www.cglib.org/category/romantic/lami/
P Lange Müller,Romantic,https://www.cglib.org/category/romantic/lange-muller-p-e/
Gustav Lange,Romantic,https://www.cglib.org/category/romantic/lange-gustav/
Joseph Lanner,Romantic,https://www.cglib.org/category/romantic/lanner-joseph/
Guiseppe Lanz,Romantic,https://www.cglib.org/category/romantic/lanz-guiseppe/
Lanza,Romantic,https://www.cglib.org/category/romantic/lanza/
Latis,Romantic,https://www.cglib.org/category/romantic/latis/
C Laurin,Romantic,https://www.cglib.org/category/romantic/laurin-c-i-o/
Henry Lea,Romantic,https://www.cglib.org/category/romantic/lea-henry/
Lechallier,Romantic,https://www.cglib.org/category/romantic/lechallier/
Adolphe Ledhuy,Romantic,https://www.cglib.org/category/romantic/ledhuy-adolphe/
Alphonse Leduc,Romantic,https://www.cglib.org/category/romantic/leduc-alphonse/
George Alexander Lee,Romantic,https://www.cglib.org/category/romantic/lee-george-alexander/
Rinaldo Luigi Legnani,Romantic,https://www.cglib.org/category/romantic/legnani-rinaldo-luigi/
J Lemmer,Romantic,https://www.cglib.org/category/romantic/lemmer-j-h/
Antoine Marcel Lemoine,Romantic,https://www.cglib.org/category/romantic/lemoine-antoine-marcel/
Louis Leo,Romantic,https://www.cglib.org/category/romantic/leo-louis/
Mykola Leontovych,Romantic,https://www.cglib.org/category/romantic/leontovych-mykola/
Levien,Romantic,https://www.cglib.org/category/romantic/levien/
Antoine Lhoyer,Romantic,https://www.cglib.org/category/romantic/lhoyer-antoine/
Paul Lindner,Romantic,https://www.cglib.org/category/romantic/lindner-paul/
George Linley,Romantic,https://www.cglib.org/category/romantic/linley-george/
Charles Lintant,Romantic,https://www.cglib.org/category/romantic/lintant-charles/
Franz Liszt,Romantic,https://www.cglib.org/category/romantic/liszt-franz/
Jean Charles Lom,Romantic,https://www.cglib.org/category/romantic/lom-jean-charles/
A Lopes,Romantic,https://www.cglib.org/category/romantic/lopes-a/
Alfred Heinrich Loreti,Romantic,https://www.cglib.org/category/romantic/loreti-alfred-heinrich/
Vincente Lorzano,Romantic,https://www.cglib.org/category/romantic/lorzano-vincente/
Samuel Lover,Romantic,https://www.cglib.org/category/romantic/lover-samuel/
Sigismond Low,Romantic,https://www.cglib.org/category/romantic/low-sigismond/
Georg Luckner,Romantic,https://www.cglib.org/category/romantic/luckner-georg/
Hugo Luczak,Romantic,https://www.cglib.org/category/romantic/luczak-hugo/
Heinrich Conrad Julius Luders,Romantic,https://www.cglib.org/category/romantic/luders-heinrich-conrad-julius/
Elsbeth Lutz,Romantic,https://www.cglib.org/category/romantic/lutz-elsbeth/
George Alexander Macfarren,Romantic,https://www.cglib.org/category/romantic/macfarren-george-alexander/
E Maek,Romantic,https://www.cglib.org/category/romantic/maek-e/
Victor Magnien,Romantic,https://www.cglib.org/category/romantic/magnien-victor/
Ambrósio Fernandes Maia,Romantic,https://www.cglib.org/category/romantic/maia-ambrosio-fernandes/
Nicolas Makaroff,Romantic,https://www.cglib.org/category/romantic/makaroff-nicolas/
Joaquin Malats,Romantic,https://www.cglib.org/category/romantic/malats-joaquin/
Maria Felicita Malibran,Romantic,https://www.cglib.org/category/romantic/malibran-maria-felicita/
Carl Malmquist,Romantic,https://www.cglib.org/category/romantic/malmquist-carl/
Margherita Mancinelli,Romantic,https://www.cglib.org/category/romantic/mancinelli-margherita/
Miguel Marqués,Romantic,https://www.cglib.org/category/romantic/marques-miguel/
Heinrich August Marschner,Romantic,https://www.cglib.org/category/romantic/marschner-heinrich-august/
Miguel Mas,Romantic,https://www.cglib.org/category/romantic/mas-miguel/
Gaetano Masini,Romantic,https://www.cglib.org/category/romantic/masini-gaetano/
Jules Massenet,Romantic,https://www.cglib.org/category/romantic/massenet-jules/
Eustasio Matallana,Romantic,https://www.cglib.org/category/romantic/matallana-eustasio/
Giuseppe Mazza,Romantic,https://www.cglib.org/category/romantic/mazza-giuseppe/
William J McCoy,Romantic,https://www.cglib.org/category/romantic/mccoy-william-j/
Anton Mehlhart,Romantic,https://www.cglib.org/category/romantic/mehlhart-anton/
Georg Meier,Romantic,https://www.cglib.org/category/romantic/meier-georg/
Jean Antoine Meissonnier,Romantic,https://www.cglib.org/category/romantic/meissonnier-jean-antoine/
de Melliant,Romantic,https://www.cglib.org/category/romantic/melliant-de/
Bartholdy Felix Mendelssohn,Romantic,https://www.cglib.org/category/romantic/mendelssohn-bartholdy-felix/
Saverio Mercadante,Romantic,https://www.cglib.org/category/romantic/mercadante-saverio/
Oskar Merikanto,Romantic,https://www.cglib.org/category/romantic/merikanto-oskar/
Johann Kaspar Mertz,Romantic,https://www.cglib.org/category/romantic/mertz-johann-kaspar/
Erik Meyer-Helmund,Romantic,https://www.cglib.org/category/romantic/meyer-helmund-erik/
Theodor Meyer-Steineg,Romantic,https://www.cglib.org/category/romantic/meyer-steineg-theodor/
Ad Meyer,Romantic,https://www.cglib.org/category/romantic/meyer-ad/
Giacomo Meyerbeer,Romantic,https://www.cglib.org/category/romantic/meyerbeer-giacomo/
F Meymott,Romantic,https://www.cglib.org/category/romantic/meymott-f-w/
Carl Mietzke,Romantic,https://www.cglib.org/category/romantic/mietzke-carl/
Leopoldo Miguez,Romantic,https://www.cglib.org/category/romantic/miguez-leopoldo/
N Milukow,Romantic,https://www.cglib.org/category/romantic/milukow-n/
Francesco Molino,Romantic,https://www.cglib.org/category/romantic/molino-francesco/
L Moncrieff,Romantic,https://www.cglib.org/category/romantic/moncrieff-l/
Stanisław Moniuschko,Romantic,https://www.cglib.org/category/romantic/moniuschko-stanislaw/
Thomas Moore,Romantic,https://www.cglib.org/category/romantic/moore-thomas/
Esteban Moreno,Romantic,https://www.cglib.org/category/romantic/moreno-esteban/
Vladimir Morkow,Romantic,https://www.cglib.org/category/romantic/morkow-vladimir/
Armanno Morlacchi,Romantic,https://www.cglib.org/category/romantic/morlacchi-armanno/
Ignaz Moscheles,Romantic,https://www.cglib.org/category/romantic/moscheles-ignaz/
Moritz Moszkowski,Romantic,https://www.cglib.org/category/romantic/moszkowski-moritz/
Luigi Mozzani,Romantic,https://www.cglib.org/category/romantic/mozzani-luigi/
J Müller,Romantic,https://www.cglib.org/category/romantic/muller-j-j/
Carlo Munier,Romantic,https://www.cglib.org/category/romantic/munier-carlo/
Manuel María de Muro,Romantic,https://www.cglib.org/category/romantic/muro-manuel-maria-de/
Jean Nagel,Romantic,https://www.cglib.org/category/romantic/nagel-jean/
Giovanni Navone di Domenico,Romantic,https://www.cglib.org/category/romantic/navone-di-domenico-giovanni/
Sydney Nelson,Romantic,https://www.cglib.org/category/romantic/nelson-sydney/
Aleksandre Sergeevich Nemerowski,Romantic,https://www.cglib.org/category/romantic/nemerowski-aleksandre-sergeevich/
Leopold Neuhauser,Romantic,https://www.cglib.org/category/romantic/neuhauser-leopold/
Wilhelm Neuland,Romantic,https://www.cglib.org/category/romantic/neuland-wilhelm/
Heinrich Neumann,Romantic,https://www.cglib.org/category/romantic/neumann-heinrich/
Herman Wilhelm Neupert,Romantic,https://www.cglib.org/category/romantic/neupert-herman-wilhelm/
F Nicolai,Romantic,https://www.cglib.org/category/romantic/nicolai-f/
José Nonó,Romantic,https://www.cglib.org/category/romantic/nono-jose/
Lázaro Nunez Robres,Romantic,https://www.cglib.org/category/romantic/nunez-robres-lazaro/
John Abraham Nüske,Romantic,https://www.cglib.org/category/romantic/nuske-john-abraham/
And Oberleitner,Romantic,https://www.cglib.org/category/romantic/oberleitner-and/
I Ochs,Romantic,https://www.cglib.org/category/romantic/ochs-i-m/
Jacques Offenbach,Romantic,https://www.cglib.org/category/romantic/offenbach-jacques/
Sigfus Olafsson,Romantic,https://www.cglib.org/category/romantic/olafsson-sigfus/
Cristóbal Oudrid,Romantic,https://www.cglib.org/category/romantic/oudrid-cristobal/
Giovanni Pacini,Romantic,https://www.cglib.org/category/romantic/pacini-giovanni/
Johann Padovetz,Romantic,https://www.cglib.org/category/romantic/padovetz-johann/
Carlos Padro,Romantic,https://www.cglib.org/category/romantic/padro-carlos/
Niccolo Paganini,Romantic,https://www.cglib.org/category/romantic/paganini-niccolo/
Émile Paladilhe,Romantic,https://www.cglib.org/category/romantic/paladilhe-emile/
Josep Pallarés,Romantic,https://www.cglib.org/category/romantic/pallares-josep/
Nicolas Pavlistcheff,Romantic,https://www.cglib.org/category/romantic/pavlistcheff-nicolas/
Narciso Paz,Romantic,https://www.cglib.org/category/romantic/paz-narciso/
B Peale,Romantic,https://www.cglib.org/category/romantic/peale-b-f/
Ferdinand Pelzer,Romantic,https://www.cglib.org/category/romantic/pelzer-ferdinand/
Manuel Peñalba y Bañares,Romantic,https://www.cglib.org/category/romantic/penalba-y-banares-manuel/
Manuel Penella,Romantic,https://www.cglib.org/category/romantic/penella-manuel/
Agustín Pérez Zaragoza,Romantic,https://www.cglib.org/category/romantic/perez-zaragoza-agustin/
Jose Jesús Perez,Romantic,https://www.cglib.org/category/romantic/perez-jose-jesus/
Pablo de Miguel Perlado,Romantic,https://www.cglib.org/category/romantic/perlado-pablo-de-miguel/
J Peschek,Romantic,https://www.cglib.org/category/romantic/peschek-j-louis/
Albert Petersen,Romantic,https://www.cglib.org/category/romantic/petersen-albert/
Joachim Pettoletti,Romantic,https://www.cglib.org/category/romantic/pettoletti-joachim/
Pietro Pettoletti,Romantic,https://www.cglib.org/category/romantic/pettoletti-pietro/
C Phillips,Romantic,https://www.cglib.org/category/romantic/phillips-c-e/
Thomas Bloomer Phipps,Romantic,https://www.cglib.org/category/romantic/phipps-thomas-bloomer/
Charles Pinkney,Romantic,https://www.cglib.org/category/romantic/pinkney-charles/
Joseph de Pinna,Romantic,https://www.cglib.org/category/romantic/pinna-joseph-de/
Henri Pirmez,Romantic,https://www.cglib.org/category/romantic/pirmez-henri/
Pierre Joseph Désiré Plouvier,Romantic,https://www.cglib.org/category/romantic/plouvier-pierre-joseph-desire/
J Pole,Romantic,https://www.cglib.org/category/romantic/pole-j-f/
H Polentz,Romantic,https://www.cglib.org/category/romantic/polentz-h/
Jean Joseph Benoît Pollet,Romantic,https://www.cglib.org/category/romantic/pollet-jean-joseph-benoit/
J Pollock,Romantic,https://www.cglib.org/category/romantic/pollock-j-s/
Tomas Pomilio,Romantic,https://www.cglib.org/category/romantic/pomilio-tomas/
Antonio Ponzio,Romantic,https://www.cglib.org/category/romantic/ponzio-antonio/
Ciprian Porumbescu,Romantic,https://www.cglib.org/category/romantic/porumbescu-ciprian/
Heinrich Aloys Praeger,Romantic,https://www.cglib.org/category/romantic/praeger-heinrich-aloys/
Sidney Catharina Josepha Pratten,Romantic,https://www.cglib.org/category/romantic/pratten-sidney-catharina-josepha/
François Hubert Prume,Romantic,https://www.cglib.org/category/romantic/prume-francois-hubert/
Maximo Puente Arnao,Romantic,https://www.cglib.org/category/romantic/puente-arnao-maximo/
Charles H Purday,Romantic,https://www.cglib.org/category/romantic/purday-charles-h/
Sergei Rachmaninoff,Romantic,https://www.cglib.org/category/romantic/rachmaninoff-sergei/
Maurice Raoulx,Romantic,https://www.cglib.org/category/romantic/raoulx-maurice/
Benedetto Razzetti,Romantic,https://www.cglib.org/category/romantic/razzetti-benedetto/
Ezio Redeghieri,Romantic,https://www.cglib.org/category/romantic/redeghieri-ezio/
C Reger,Romantic,https://www.cglib.org/category/romantic/reger-c/
Max Reger,Romantic,https://www.cglib.org/category/romantic/reger-max/
Giulio Regondi,Romantic,https://www.cglib.org/category/romantic/regondi-giulio/
M Reisinger,Romantic,https://www.cglib.org/category/romantic/reisinger-m-j/
Ferdinand Ries,Romantic,https://www.cglib.org/category/romantic/ries-ferdinand/
Rigot,Romantic,https://www.cglib.org/category/romantic/rigot/
Franz Ringler,Romantic,https://www.cglib.org/category/romantic/ringler-franz/
Mlle Rivière,Romantic,https://www.cglib.org/category/romantic/riviere-mlle/
Pascual Roch,Romantic,https://www.cglib.org/category/romantic/roch-pascual/
Francisco el Murciano Rodríguez,Romantic,https://www.cglib.org/category/romantic/rodriguez-francisco-el-murciano/
George Herbert Bonaparte Rodwell,Romantic,https://www.cglib.org/category/romantic/rodwell-george-herbert-bonaparte/
Antoine Romagnesi,Romantic,https://www.cglib.org/category/romantic/romagnesi-antoine/
William Michael Rooke,Romantic,https://www.cglib.org/category/romantic/rooke-william-michael/
George Frederick Root,Romantic,https://www.cglib.org/category/romantic/root-george-frederick/
Juventino Rosas,Romantic,https://www.cglib.org/category/romantic/rosas-juventino/
Henri Rosellen,Romantic,https://www.cglib.org/category/romantic/rosellen-henri/
P Rosquellas,Romantic,https://www.cglib.org/category/romantic/rosquellas-p/
Gioacchino Rossini,Romantic,https://www.cglib.org/category/romantic/rossini-gioacchino/
Anton Rubinstein,Romantic,https://www.cglib.org/category/romantic/rubinstein-anton/
Manuel Rücker,Romantic,https://www.cglib.org/category/romantic/rucker-manuel/
Rolf Rueff,Romantic,https://www.cglib.org/category/romantic/rueff-rolf/
Jaime Ruet,Romantic,https://www.cglib.org/category/romantic/ruet-jaime/
Frederik Rung,Romantic,https://www.cglib.org/category/romantic/rung-frederik/
Henrik Rung,Romantic,https://www.cglib.org/category/romantic/rung-henrik/
Emidio Ruspini,Romantic,https://www.cglib.org/category/romantic/ruspini-emidio/
Henry Russell,Romantic,https://www.cglib.org/category/romantic/russell-henry/
Gaspar Sagreras,Romantic,https://www.cglib.org/category/romantic/sagreras-gaspar/
Luigi Sagrini,Romantic,https://www.cglib.org/category/romantic/sagrini-luigi/
José Sancho,Romantic,https://www.cglib.org/category/romantic/sancho-jose/
Sapienza,Romantic,https://www.cglib.org/category/romantic/sapienza/
Vasilii Stepanovich Sarenko,Romantic,https://www.cglib.org/category/romantic/sarenko-vasilii-stepanovich/
J Schan,Romantic,https://www.cglib.org/category/romantic/schan-j/
A Schattinger,Romantic,https://www.cglib.org/category/romantic/schattinger-a/
Heinrich Scherrer,Romantic,https://www.cglib.org/category/romantic/scherrer-heinrich/
Sven Scholander,Romantic,https://www.cglib.org/category/romantic/scholander-sven/
Franz Schubert,Romantic,https://www.cglib.org/category/romantic/schubert-franz/
Leonhard Schultz,Romantic,https://www.cglib.org/category/romantic/schultz-leonhard/
André Schulz,Romantic,https://www.cglib.org/category/romantic/schulz-andre/
Robert Schumann,Romantic,https://www.cglib.org/category/romantic/schumann-robert/
Erwin Schwarz-Reiflingen,Romantic,https://www.cglib.org/category/romantic/schwarz-reiflingen-erwin/
Marcus Schwerdhöver,Romantic,https://www.cglib.org/category/romantic/schwerdhover-marcus/
Franz Gr Seegner,Romantic,https://www.cglib.org/category/romantic/seegner-franz-gr/
Joseph Sellner,Romantic,https://www.cglib.org/category/romantic/sellner-joseph/
Joseph Sgallari,Romantic,https://www.cglib.org/category/romantic/sgallari-joseph/
Arling Shaeffer,Romantic,https://www.cglib.org/category/romantic/shaeffer-arling/
Ernest Shand,Romantic,https://www.cglib.org/category/romantic/shand-ernest/
David T Shaw,Romantic,https://www.cglib.org/category/romantic/shaw-david-t/
Ramón de la Sienrra,Romantic,https://www.cglib.org/category/romantic/sienrra-ramon-de-la/
Count Ignace Sierakowski,Romantic,https://www.cglib.org/category/romantic/sierakowski-count-ignace/
Giuseppe Silvestri,Romantic,https://www.cglib.org/category/romantic/silvestri-giuseppe/
Pablo Simeone,Romantic,https://www.cglib.org/category/romantic/simeone-pablo/
Mien Simon,Romantic,https://www.cglib.org/category/romantic/simon-mien/
F Smith,Romantic,https://www.cglib.org/category/romantic/smith-f-w/
Miss of the Down House Smith,Romantic,https://www.cglib.org/category/romantic/smith-miss-of-the-down-house/
José Sobejano,Romantic,https://www.cglib.org/category/romantic/sobejano-jose/
Charles Michel Alexis Sola,Romantic,https://www.cglib.org/category/romantic/sola-charles-michel-alexis/
Luis de Soria,Romantic,https://www.cglib.org/category/romantic/soria-luis-de/
Mariano Soriano Fuerte,Romantic,https://www.cglib.org/category/romantic/soriano-fuerte-mariano/
Alexandre Sosson,Romantic,https://www.cglib.org/category/romantic/sosson-alexandre/
Manuel Soto,Romantic,https://www.cglib.org/category/romantic/soto-manuel/
Anton Spina,Romantic,https://www.cglib.org/category/romantic/spina-anton/
Freidrich Spina,Romantic,https://www.cglib.org/category/romantic/spina-freidrich/
Louis Spohr,Romantic,https://www.cglib.org/category/romantic/spohr-louis/
N Sporle,Romantic,https://www.cglib.org/category/romantic/sporle-n-j/
Federico R Spreafico,Romantic,https://www.cglib.org/category/romantic/spreafico-federico-r/
Julius Steenberg,Romantic,https://www.cglib.org/category/romantic/steenberg-julius/
Adolphe Steinfels,Romantic,https://www.cglib.org/category/romantic/steinfels-adolphe/
Otto Steinwender,Romantic,https://www.cglib.org/category/romantic/steinwender-otto/
Fr Stoll,Romantic,https://www.cglib.org/category/romantic/stoll-fr/
Johann Strauss,Romantic,https://www.cglib.org/category/romantic/strauss-johann/
H Sutorius,Romantic,https://www.cglib.org/category/romantic/sutorius-h-p/
Johan Svendsen,Romantic,https://www.cglib.org/category/romantic/svendsen-johan/
Vasilij J Svintsov,Romantic,https://www.cglib.org/category/romantic/svintsov-vasilij-j/
Andrei Sychra,Romantic,https://www.cglib.org/category/romantic/sychra-andrei/
Stanislaw Szczepanowski,Romantic,https://www.cglib.org/category/romantic/szczepanowski-stanislaw/
J Tanner,Romantic,https://www.cglib.org/category/romantic/tanner-j/
Wilhelm Tappert,Romantic,https://www.cglib.org/category/romantic/tappert-wilhelm/
Francisco Tarrega,Romantic,https://www.cglib.org/category/romantic/tarrega-francisco/
Pyotr Ilyich Tchaikovsky,Romantic,https://www.cglib.org/category/romantic/tchaikovsky-pyotr-ilyich/
Jacques Tessarech,Romantic,https://www.cglib.org/category/romantic/tessarech-jacques/
Ambroise Thomas,Romantic,https://www.cglib.org/category/romantic/thomas-ambroise/
J Thomas,Romantic,https://www.cglib.org/category/romantic/thomas-j-r/
Carlos Garcia Tolsa,Romantic,https://www.cglib.org/category/romantic/tolsa-carlos-garcia/
Pietro Tonassi,Romantic,https://www.cglib.org/category/romantic/tonassi-pietro/
Tormasy,Romantic,https://www.cglib.org/category/romantic/tormasy/
Enrico Toselli,Romantic,https://www.cglib.org/category/romantic/toselli-enrico/
J Tully,Romantic,https://www.cglib.org/category/romantic/tully-j-h/
Ullman,Romantic,https://www.cglib.org/category/romantic/ullman/
Manuel Urbano,Romantic,https://www.cglib.org/category/romantic/urbano-manuel/
Chretien Urhan,Romantic,https://www.cglib.org/category/romantic/urhan-chretien/
Leopold de Urqullu,Romantic,https://www.cglib.org/category/romantic/urqullu-leopold-de/
Nicola Vaccai,Romantic,https://www.cglib.org/category/romantic/vaccai-nicola/
Joaquín Valverde,Romantic,https://www.cglib.org/category/romantic/valverde-joaquin/
Luigi Vangi,Romantic,https://www.cglib.org/category/romantic/vangi-luigi/
Giuseppe Verdi,Romantic,https://www.cglib.org/category/romantic/verdi-giuseppe/
Phillipe Raphael Jean Baptiste Verini,Romantic,https://www.cglib.org/category/romantic/verini-phillipe-raphael-jean-baptiste/
Paul Antoine Vidal,Romantic,https://www.cglib.org/category/romantic/vidal-paul-antoine/
Konstantin Petrovich Villebois,Romantic,https://www.cglib.org/category/romantic/villebois-konstantin-petrovich/
Jose Vinas,Romantic,https://www.cglib.org/category/romantic/vinas-jose/
S Volker,Romantic,https://www.cglib.org/category/romantic/volker-s/
Mikhail Timofeyevich Vysotsky,Romantic,https://www.cglib.org/category/romantic/vysotsky-mikhail-timofeyevich/
Joseph Augustine Wade,Romantic,https://www.cglib.org/category/romantic/wade-joseph-augustine/
A Wagner,Romantic,https://www.cglib.org/category/romantic/wagner-a/
J Wagner,Romantic,https://www.cglib.org/category/romantic/wagner-j-h/
Richard Wagner,Romantic,https://www.cglib.org/category/romantic/wagner-richard/
Eugen Walckiers,Romantic,https://www.cglib.org/category/romantic/walckiers-eugen/
Emil Waldteufel,Romantic,https://www.cglib.org/category/romantic/waldteufel-emil/
Léon Waldteufel,Romantic,https://www.cglib.org/category/romantic/waldteufel-leon/
Jos Wanczura,Romantic,https://www.cglib.org/category/romantic/wanczura-jos/
Carl Maria von Weber,Romantic,https://www.cglib.org/category/romantic/weber-carl-maria-von/
Gottfried Weber,Romantic,https://www.cglib.org/category/romantic/weber-gottfried/
Anton Weiss,Romantic,https://www.cglib.org/category/romantic/weiss-anton/
Gunnar Wennerberg,Romantic,https://www.cglib.org/category/romantic/wennerberg-gunnar/
Johannes Wepf,Romantic,https://www.cglib.org/category/romantic/wepf-johannes/
C Whitmore,Romantic,https://www.cglib.org/category/romantic/whitmore-c-s/
Griffies Williams,Romantic,https://www.cglib.org/category/romantic/williams-griffies/
Joseph Willroider,Romantic,https://www.cglib.org/category/romantic/willroider-joseph/
Septimus Winner,Romantic,https://www.cglib.org/category/romantic/winner-septimus/
Charles Fr Wlczek,Romantic,https://www.cglib.org/category/romantic/wlczek-charles-fr/
C Woelfel,Romantic,https://www.cglib.org/category/romantic/woelfel-c-f/
Heinrich Wolhlfahrt,Romantic,https://www.cglib.org/category/romantic/wolhlfahrt-heinrich/
Sebastián Yradier,Romantic,https://www.cglib.org/category/romantic/yradier-sebastian/
Marco Aurelio Zani de Ferranti,Romantic,https://www.cglib.org/category/romantic/zani-de-ferranti-marco-aurelio/
A Zesaref,Romantic,https://www.cglib.org/category/romantic/zesaref-a/
Ignaz Ziegler,Romantic,https://www.cglib.org/category/romantic/ziegler-ignaz/
Carl Michael Ziehrer,Romantic,https://www.cglib.org/category/romantic/ziehrer-carl-michael/
Fjodor M Zimmermann,Romantic,https://www.cglib.org/category/romantic/zimmermann-fjodor-m/
Auguste Zurfluh,Romantic,https://www.cglib.org/category/romantic/zurfluh-auguste/
Miguel Abloniz,Contemporary,https://www.cglib.org/category/20th-century/abloniz-miguel/
John Addison,Contemporary,https://www.cglib.org/category/20th-century/addison-john/
Ulf G Ahslund,Contemporary,https://www.cglib.org/category/20th-century/ahslund-ulf-g/
Morris Albert,Contemporary,https://www.cglib.org/category/20th-century/albert-morris/
Quirino Baez Allende,Contemporary,https://www.cglib.org/category/20th-century/allende-quirino-baez/
Carlos Almaran,Contemporary,https://www.cglib.org/category/20th-century/almaran-carlos/
Maria Luisa Anido,Contemporary,https://www.cglib.org/category/20th-century/anido-maria-luisa/
Luigi Oreste Anzaghi,Contemporary,https://www.cglib.org/category/20th-century/anzaghi-luigi-oreste/
Jose Ardevol,Contemporary,https://www.cglib.org/category/20th-century/ardevol-jose/
Mario Rodriguez Arenas,Contemporary,https://www.cglib.org/category/20th-century/arenas-mario-rodriguez/
Harold Arlen,Contemporary,https://www.cglib.org/category/20th-century/arlen-harold/
Hector Ayala,Contemporary,https://www.cglib.org/category/20th-century/ayala-hector/
Waldir Azevedo,Contemporary,https://www.cglib.org/category/20th-century/azevedo-waldir/
Jose Azpiazu,Contemporary,https://www.cglib.org/category/20th-century/azpiazu-jose/
Alberto Baltar,Contemporary,https://www.cglib.org/category/20th-century/baltar-alberto/
Paulo Barreiros,Contemporary,https://www.cglib.org/category/20th-century/barreiros-paulo/
Héctor Eduardo Barros,Contemporary,https://www.cglib.org/category/20th-century/barros-hector-eduardo/
Ary Barroso,Contemporary,https://www.cglib.org/category/20th-century/barroso-ary/
Jose Barroso,Contemporary,https://www.cglib.org/category/20th-century/barroso-jose/
Béla Bartók,Contemporary,https://www.cglib.org/category/20th-century/bartok-bela/
Rene Bartoli,Contemporary,https://www.cglib.org/category/20th-century/bartoli-rene/
Rausser F Bassiak G,Contemporary,https://www.cglib.org/category/20th-century/bassiak-g-rausser-f/
Luis Fortunato Benitez Lopez,Contemporary,https://www.cglib.org/category/20th-century/benitez-lopez-luis-fortunato/
Eduardo D Bensadon,Contemporary,https://www.cglib.org/category/20th-century/bensadon-eduardo-d/
Dino Berruti,Contemporary,https://www.cglib.org/category/20th-century/berruti-dino/
Costantino Bertucci,Contemporary,https://www.cglib.org/category/20th-century/bertucci-costantino/
Gerónimo Bianqui Piñero,Contemporary,https://www.cglib.org/category/20th-century/bianqui-pinero-geronimo/
Zarh Myron Bickford,Contemporary,https://www.cglib.org/category/20th-century/bickford-zarh-myron/
Renzo Bisi,Contemporary,https://www.cglib.org/category/20th-century/bisi-renzo/
Angelo Bitelli,Contemporary,https://www.cglib.org/category/20th-century/bitelli-angelo/
Ignazio Bitelli,Contemporary,https://www.cglib.org/category/20th-century/bitelli-ignazio/
Fridrik Bjarnason,Contemporary,https://www.cglib.org/category/20th-century/bjarnason-fridrik/
Ricardo Boppré,Contemporary,https://www.cglib.org/category/20th-century/boppre-ricardo/
Arthur Bosmans,Contemporary,https://www.cglib.org/category/20th-century/bosmans-arthur/
Ugo Bottacchiari,Contemporary,https://www.cglib.org/category/20th-century/bottacchiari-ugo/
Laurent Boutros,Contemporary,https://www.cglib.org/category/20th-century/boutros-laurent/
Luigi Bracco,Contemporary,https://www.cglib.org/category/20th-century/bracco-luigi/
Alfonso Broqua,Contemporary,https://www.cglib.org/category/20th-century/broqua-alfonso/
Fioravante Brugni,Contemporary,https://www.cglib.org/category/20th-century/brugni-fioravante/
Jorge Bufano,Contemporary,https://www.cglib.org/category/20th-century/bufano-jorge/
Cosme Caballero,Contemporary,https://www.cglib.org/category/20th-century/caballero-cosme/
Francisco Calleja,Contemporary,https://www.cglib.org/category/20th-century/calleja-francisco/
João Avelino de Camargo,Contemporary,https://www.cglib.org/category/20th-century/camargo-joao-avelino-de/
Gaspar Cassado,Contemporary,https://www.cglib.org/category/20th-century/cassado-gaspar/
Ulises J Cassinelli,Contemporary,https://www.cglib.org/category/20th-century/cassinelli-ulises-j/
Nicodemo Casuscelli,Contemporary,https://www.cglib.org/category/20th-century/casuscelli-nicodemo/
Guillermo Cesanelli,Contemporary,https://www.cglib.org/category/20th-century/cesanelli-guillermo/
Pedro Charpentier,Contemporary,https://www.cglib.org/category/20th-century/charpentier-pedro/
Carmelo Coletta,Contemporary,https://www.cglib.org/category/20th-century/coletta-carmelo/
Eduardo Cordero,Contemporary,https://www.cglib.org/category/20th-century/cordero-eduardo/
Vittorio Corezzola,Contemporary,https://www.cglib.org/category/20th-century/corezzola-vittorio/
Melchior Cortez,Contemporary,https://www.cglib.org/category/20th-century/cortez-melchior/
Fra Cassio Da Velletri,Contemporary,https://www.cglib.org/category/20th-century/da-velletri-fra-cassio/
Luigi Dall Argine,Contemporary,https://www.cglib.org/category/20th-century/dall-argine-luigi/
Paolo De Cupis,Contemporary,https://www.cglib.org/category/20th-century/de-cupis-paolo/
Umberto De Martino,Contemporary,https://www.cglib.org/category/20th-century/de-martino-umberto/
Teresa De Rogatis,Contemporary,https://www.cglib.org/category/20th-century/de-rogatis-teresa/
Americo De Turris,Contemporary,https://www.cglib.org/category/20th-century/de-turris-americo/
Claude Debussy,Contemporary,https://www.cglib.org/category/20th-century/debussy-claude/
Adela Del Valle,Contemporary,https://www.cglib.org/category/20th-century/del-valle-adela/
Benedetto Di Ponio,Contemporary,https://www.cglib.org/category/20th-century/di-ponio-benedetto/
José Luiz Dias,Contemporary,https://www.cglib.org/category/20th-century/dias-jose-luiz/
Ricardo Diaz Romero,Contemporary,https://www.cglib.org/category/20th-century/diaz-romero-ricardo/
Arcangelo Dinaro,Contemporary,https://www.cglib.org/category/20th-century/dinaro-arcangelo/
Uros Dojcinovic,Contemporary,https://www.cglib.org/category/20th-century/dojcinovic-uros/
Spiro Drongitis,Contemporary,https://www.cglib.org/category/20th-century/drongitis-spiro/
Sigfus Einarsson,Contemporary,https://www.cglib.org/category/20th-century/einarsson-sigfus/
Esteban Eitler,Contemporary,https://www.cglib.org/category/20th-century/eitler-esteban/
Hans Eklund,Contemporary,https://www.cglib.org/category/20th-century/eklund-hans/
Edward Elgar,Contemporary,https://www.cglib.org/category/20th-century/elgar-edward/
Pablo Escobar,Contemporary,https://www.cglib.org/category/20th-century/escobar-pablo/
Ercilio Escudero Riquelme,Contemporary,https://www.cglib.org/category/20th-century/escudero-riquelme-ercilio/
Quintin Esquembre,Contemporary,https://www.cglib.org/category/20th-century/esquembre-quintin/
Manuel de Falla,Contemporary,https://www.cglib.org/category/20th-century/falla-manuel-de/
Eduardo Falú,Contemporary,https://www.cglib.org/category/20th-century/falu-eduardo/
Marius Faraill,Contemporary,https://www.cglib.org/category/20th-century/faraill-marius/
Ferenc Farkas,Contemporary,https://www.cglib.org/category/20th-century/farkas-ferenc/
Giuseppe Farrauto,Contemporary,https://www.cglib.org/category/20th-century/farrauto-giuseppe/
Carmen Farré de Prat,Contemporary,https://www.cglib.org/category/20th-century/farre-de-prat-carmen/
Abel Fleury,Contemporary,https://www.cglib.org/category/20th-century/fleury-abel/
Tancredi Forneris,Contemporary,https://www.cglib.org/category/20th-century/forneris-tancredi/
Daniel Fortea,Contemporary,https://www.cglib.org/category/20th-century/fortea-daniel/
Hans Frankowski,Contemporary,https://www.cglib.org/category/20th-century/frankowski-hans/
Slavko Fumic,Contemporary,https://www.cglib.org/category/20th-century/fumic-slavko/
Alfonso Galluzzo,Contemporary,https://www.cglib.org/category/20th-century/galluzzo-alfonso/
Annibal Augusto Sardinha Garoto,Contemporary,https://www.cglib.org/category/20th-century/garoto-annibal-augusto-sardinha/
Lisanella Gentili,Contemporary,https://www.cglib.org/category/20th-century/gentili-lisanella/
Fernando Germani,Contemporary,https://www.cglib.org/category/20th-century/germani-fernando/
George Gershwin,Contemporary,https://www.cglib.org/category/20th-century/gershwin-george/
Antonio Giacomino,Contemporary,https://www.cglib.org/category/20th-century/giacomino-antonio/
Alberto Ginastera,Contemporary,https://www.cglib.org/category/20th-century/ginastera-alberto/
Radamés Gnattali,Contemporary,https://www.cglib.org/category/20th-century/gnattali-radames/
Mario Godoy,Contemporary,https://www.cglib.org/category/20th-century/godoy-mario/
Ramon Cruz Gomez,Contemporary,https://www.cglib.org/category/20th-century/gomez-ramon-cruz/
Manuel Gonzalez-Nieto,Contemporary,https://www.cglib.org/category/20th-century/gonzalez-nieto-manuel/
Burt Griswold,Contemporary,https://www.cglib.org/category/20th-century/griswold-burt/
Camargo Guarnieri,Contemporary,https://www.cglib.org/category/20th-century/guarnieri-camargo/
Jacinto Guerrero,Contemporary,https://www.cglib.org/category/20th-century/guerrero-jacinto/
Sigfus Halldorsson,Contemporary,https://www.cglib.org/category/20th-century/halldorsson-sigfus/
Hilding Hallnäs,Contemporary,https://www.cglib.org/category/20th-century/hallnas-hilding/
Angel Hechenleitner,Contemporary,https://www.cglib.org/category/20th-century/hechenleitner-angel/
Bruno Henze,Contemporary,https://www.cglib.org/category/20th-century/henze-bruno/
Viktor Himelrajh,Contemporary,https://www.cglib.org/category/20th-century/himelrajh-viktor/
Alfred Holy,Contemporary,https://www.cglib.org/category/20th-century/holy-alfred/
Eduardo Lorenzo Hornos,Contemporary,https://www.cglib.org/category/20th-century/hornos-eduardo-lorenzo/
Mississippi John Hurt,Contemporary,https://www.cglib.org/category/20th-century/hurt-mississippi-john/
Walter Huttl,Contemporary,https://www.cglib.org/category/20th-century/huttl-walter/
Robert Johnson,Contemporary,https://www.cglib.org/category/20th-century/johnson-robert/
Scott Joplin,Contemporary,https://www.cglib.org/category/20th-century/joplin-scott/
Heino Kaski,Contemporary,https://www.cglib.org/category/20th-century/kaski-heino/
Armin Knab,Contemporary,https://www.cglib.org/category/20th-century/knab-armin/
Charles Koechlin,Contemporary,https://www.cglib.org/category/20th-century/koechlin-charles/
Alexander Ivanov Kramskoi,Contemporary,https://www.cglib.org/category/20th-century/kramskoi-alexander-ivanov/
Fritz Kreisler,Contemporary,https://www.cglib.org/category/20th-century/kreisler-fritz/
Geo C Krick,Contemporary,https://www.cglib.org/category/20th-century/krick-geo-c/
Pedro Larrandart,Contemporary,https://www.cglib.org/category/20th-century/larrandart-pedro/
Otto Lauenstein,Contemporary,https://www.cglib.org/category/20th-century/lauenstein-otto/
Antonio Lauro,Contemporary,https://www.cglib.org/category/20th-century/lauro-antonio/
Frank Lawes,Contemporary,https://www.cglib.org/category/20th-century/lawes-frank/
Hilarión Leloup,Contemporary,https://www.cglib.org/category/20th-century/leloup-hilarion/
J Lerman,Contemporary,https://www.cglib.org/category/20th-century/lerman-j-w/
Gilson de Lima,Contemporary,https://www.cglib.org/category/20th-century/lima-gilson-de/
Otto Lindblad,Contemporary,https://www.cglib.org/category/20th-century/lindblad-otto/
Carlo Lissoni,Contemporary,https://www.cglib.org/category/20th-century/lissoni-carlo/
Miguel Soles Llobet,Contemporary,https://www.cglib.org/category/20th-century/llobet-miguel-soles/
S Lope,Contemporary,https://www.cglib.org/category/20th-century/lope-s/
Joaquin López y Flores,Contemporary,https://www.cglib.org/category/20th-century/lopez-y-flores-joaquin/
J Luino,Contemporary,https://www.cglib.org/category/20th-century/luino-j/
Adolfo Luna,Contemporary,https://www.cglib.org/category/20th-century/luna-adolfo/
Bengt Lundin,Contemporary,https://www.cglib.org/category/20th-century/lundin-bengt/
Pino Lupo,Contemporary,https://www.cglib.org/category/20th-century/lupo-pino/
Cesare Lutzemberger,Contemporary,https://www.cglib.org/category/20th-century/lutzemberger-cesare/
Luis A Madormo,Contemporary,https://www.cglib.org/category/20th-century/madormo-luis-a/
Franco Magnoni,Contemporary,https://www.cglib.org/category/20th-century/magnoni-franco/
Albino Manique,Contemporary,https://www.cglib.org/category/20th-century/manique-albino/
Antonio Jimenez Manjon,Contemporary,https://www.cglib.org/category/20th-century/manjon-antonio-jimenez/
Teodoro Marin,Contemporary,https://www.cglib.org/category/20th-century/marin-teodoro/
Franck Martin,Contemporary,https://www.cglib.org/category/20th-century/martin-franck/
Antonio Martínez,Contemporary,https://www.cglib.org/category/20th-century/martinez-antonio/
Juan Carlos Martinez,Contemporary,https://www.cglib.org/category/20th-century/martinez-juan-carlos/
Pietro Mascagni,Contemporary,https://www.cglib.org/category/20th-century/mascagni-pietro/
Horacio Maspoli,Contemporary,https://www.cglib.org/category/20th-century/maspoli-horacio/
Alberto Mautino,Contemporary,https://www.cglib.org/category/20th-century/mautino-alberto/
Pedro Maza,Contemporary,https://www.cglib.org/category/20th-century/maza-pedro/
Carlo Mazza,Contemporary,https://www.cglib.org/category/20th-century/mazza-carlo/
Angelo Mazzola,Contemporary,https://www.cglib.org/category/20th-century/mazzola-angelo/
Enrique De Melchor,Contemporary,https://www.cglib.org/category/20th-century/melchor-enrique-de/
Miguel R Michelone,Contemporary,https://www.cglib.org/category/20th-century/michelone-miguel-r/
Juan Hidalgo Montoya,Contemporary,https://www.cglib.org/category/20th-century/montoya-juan-hidalgo/
Outubrino Domingos Moraes,Contemporary,https://www.cglib.org/category/20th-century/moraes-outubrino-domingos/
Justo Tomas Morales,Contemporary,https://www.cglib.org/category/20th-century/morales-justo-tomas/
Teófilo Morales,Contemporary,https://www.cglib.org/category/20th-century/morales-teofilo/
Trinidad Moreno Cruz,Contemporary,https://www.cglib.org/category/20th-century/moreno-cruz-trinidad/
Josefina P Morisoli,Contemporary,https://www.cglib.org/category/20th-century/morisoli-josefina-p-de/
Haukur Morthens,Contemporary,https://www.cglib.org/category/20th-century/morthens-haukur/
Ricardo Muñoz,Contemporary,https://www.cglib.org/category/20th-century/munoz-ricardo/
Giovanni Murtula,Contemporary,https://www.cglib.org/category/20th-century/murtula-giovanni/
Stanley Myers,Contemporary,https://www.cglib.org/category/20th-century/myers-stanley/
Ernesto Nazareth,Contemporary,https://www.cglib.org/category/20th-century/nazareth-ernesto/
Ulrik Neumann,Contemporary,https://www.cglib.org/category/20th-century/neumann-ulrik/
Armando Neves,Contemporary,https://www.cglib.org/category/20th-century/neves-armando/
Newman,Contemporary,https://www.cglib.org/category/20th-century/newman/
L Noceti,Contemporary,https://www.cglib.org/category/20th-century/noceti-l/
Paulinho Nogueira,Contemporary,https://www.cglib.org/category/20th-century/nogueira-paulinho/
Gustaf Nordqvist,Contemporary,https://www.cglib.org/category/20th-century/nordqvist-gustaf/
Alberto Obregon,Contemporary,https://www.cglib.org/category/20th-century/obregon-alberto/
Fred Oehler,Contemporary,https://www.cglib.org/category/20th-century/oehler-fred-o/
Vahdah Olcott-Bickford,Contemporary,https://www.cglib.org/category/20th-century/olcott-bickford-vahdah/
Bonfiglio de Oliveira,Contemporary,https://www.cglib.org/category/20th-century/oliveira-bonfiglio-de/
Federico Orsolino,Contemporary,https://www.cglib.org/category/20th-century/orsolino-federico/
Anibal Ortiz,Contemporary,https://www.cglib.org/category/20th-century/ortiz-anibal/
Julian Ortiz,Contemporary,https://www.cglib.org/category/20th-century/ortiz-julian/
Ernesto D Otamendi,Contemporary,https://www.cglib.org/category/20th-century/otamendi-ernesto-d/
Julio Martinez Oyanguren,Contemporary,https://www.cglib.org/category/20th-century/oyanguren-julio-martinez/
G Paganone,Contemporary,https://www.cglib.org/category/20th-century/paganone-g/
Ísólfur Pálsson,Contemporary,https://www.cglib.org/category/20th-century/palsson-isolfur/
Adolfo Paolinelli,Contemporary,https://www.cglib.org/category/20th-century/paolinelli-adolfo/
Carlos Pedrell,Contemporary,https://www.cglib.org/category/20th-century/pedrell-carlos/
Mariano Peralta,Contemporary,https://www.cglib.org/category/20th-century/peralta-mariano/
Joao Pernambuco,Contemporary,https://www.cglib.org/category/20th-century/pernambuco-joao/
W Peterson-Berger,Contemporary,https://www.cglib.org/category/20th-century/peterson-berger-w/
Diogo Piazza,Contemporary,https://www.cglib.org/category/20th-century/piazza-diogo/
Astor Piazzolla,Contemporary,https://www.cglib.org/category/20th-century/piazzolla-astor/
Emanuele Pignocchi,Contemporary,https://www.cglib.org/category/20th-century/pignocchi-emanuele/
Alfredo Viana Filho Pixinguinha,Contemporary,https://www.cglib.org/category/20th-century/pixinguinha-alfredo-viana-filho/
Manuel Maria Ponce,Contemporary,https://www.cglib.org/category/20th-century/ponce-manuel-maria/
Francis Poulenc,Contemporary,https://www.cglib.org/category/20th-century/poulenc-francis/
Baden Powell,Contemporary,https://www.cglib.org/category/20th-century/powell-baden/
Domingo Prat,Contemporary,https://www.cglib.org/category/20th-century/prat-domingo/
Costas Proakis,Contemporary,https://www.cglib.org/category/20th-century/proakis-costas/
Sergei Prokofiev,Contemporary,https://www.cglib.org/category/20th-century/prokofiev-sergei/
Julia Puigdengolas,Contemporary,https://www.cglib.org/category/20th-century/puigdengolas-julia/
Emilio Pujol,Contemporary,https://www.cglib.org/category/20th-century/pujol-emilio/
Pedro Quijano,Contemporary,https://www.cglib.org/category/20th-century/quijano-pedro/
Maurice Ravel,Contemporary,https://www.cglib.org/category/20th-century/ravel-maurice/
Pedro Tomás Rebagliati,Contemporary,https://www.cglib.org/category/20th-century/rebagliati-pedro-tomas/
Django Reinhardt,Contemporary,https://www.cglib.org/category/20th-century/reinhardt-django/
Henriette Renie,Contemporary,https://www.cglib.org/category/20th-century/renie-henriette/
Domingo Domiciano Rey Rosso,Contemporary,https://www.cglib.org/category/20th-century/rey-rosso-domingo-domiciano/
Josefina Robledo,Contemporary,https://www.cglib.org/category/20th-century/robledo-josefina/
José Carlos Rodrigues,Contemporary,https://www.cglib.org/category/20th-century/rodrigues-jose-carlos/
Juan Angel Rodriguez Vega,Contemporary,https://www.cglib.org/category/20th-century/rodriguez-vega-juan-angel/
Mathaus Romer,Contemporary,https://www.cglib.org/category/20th-century/romer-mathaus/
Oscar Rosati,Contemporary,https://www.cglib.org/category/20th-century/rosati-oscar/
George Rosey,Contemporary,https://www.cglib.org/category/20th-century/rosey-george/
Antonio Rubira,Contemporary,https://www.cglib.org/category/20th-century/rubira-antonio/
Antonio Ruiz-Pipo,Contemporary,https://www.cglib.org/category/20th-century/ruiz-pipo-antonio/
Josip Sabo,Contemporary,https://www.cglib.org/category/20th-century/sabo-josip/
Julio Salvador Sagreras,Contemporary,https://www.cglib.org/category/20th-century/sagreras-julio-salvador/
Regino Sainz de la Maza,Contemporary,https://www.cglib.org/category/20th-century/sainz-de-la-maza-regino/
Adolfo Sarcoli,Contemporary,https://www.cglib.org/category/20th-century/sarcoli-adolfo/
Manuel Sarrablo,Contemporary,https://www.cglib.org/category/20th-century/sarrablo-manuel/
Giacomo Sartori,Contemporary,https://www.cglib.org/category/20th-century/sartori-giacomo/
Erik Satie,Contemporary,https://www.cglib.org/category/20th-century/satie-erik/
Michelangelo Savini,Contemporary,https://www.cglib.org/category/20th-century/savini-michelangelo/
Alberto Savio,Contemporary,https://www.cglib.org/category/20th-century/savio-alberto/
Isaias Savio,Contemporary,https://www.cglib.org/category/20th-century/savio-isaias/
Otto Schick,Contemporary,https://www.cglib.org/category/20th-century/schick-otto/
Michael Schricke,Contemporary,https://www.cglib.org/category/20th-century/schricke-michael/
Alexander Scriabin,Contemporary,https://www.cglib.org/category/20th-century/scriabin-alexander/
Andrés Segovia,Contemporary,https://www.cglib.org/category/20th-century/segovia-andres/
Heinrich Seibt,Contemporary,https://www.cglib.org/category/20th-century/seibt-heinrich/
Alfredo Settembri,Contemporary,https://www.cglib.org/category/20th-century/settembri-alfredo/
Vissarion Shebalin,Contemporary,https://www.cglib.org/category/20th-century/shebalin-vissarion/
Dmitry Shostakovich,Contemporary,https://www.cglib.org/category/20th-century/shostakovich-dmitry/
Jean Sibelius,Contemporary,https://www.cglib.org/category/20th-century/sibelius-jean/
Antonio Sinópoli,Contemporary,https://www.cglib.org/category/20th-century/sinopoli-antonio/
José Sirera Prats,Contemporary,https://www.cglib.org/category/20th-century/sirera-prats-jose/
Vladimir Slavskij,Contemporary,https://www.cglib.org/category/20th-century/slavskij-vladimir/
Lille-Bror Söderlundh,Contemporary,https://www.cglib.org/category/20th-century/soderlundh-lille-bror/
Pedro Sofia,Contemporary,https://www.cglib.org/category/20th-century/sofia-pedro/
Williams Spencer,Contemporary,https://www.cglib.org/category/20th-century/spencer-williams/
Alejandro Spinardi,Contemporary,https://www.cglib.org/category/20th-century/spinardi-alejandro/
Victor A Stigliano,Contemporary,https://www.cglib.org/category/20th-century/stigliano-victor-a/
Fernando Suarez,Contemporary,https://www.cglib.org/category/20th-century/suarez-fernando/
Alexandre Tansman,Contemporary,https://www.cglib.org/category/20th-century/tansman-alexandre/
Giorgio Tartra,Contemporary,https://www.cglib.org/category/20th-century/tartra-giorgio/
Mario Castelnuovo Tedesco,Contemporary,https://www.cglib.org/category/20th-century/tedesco-mario-castelnuovo/
Benvenuto Terzi,Contemporary,https://www.cglib.org/category/20th-century/terzi-benvenuto/
Emil Thoroddsen,Contemporary,https://www.cglib.org/category/20th-century/thoroddsen-emil/
Eduardo Torres,Contemporary,https://www.cglib.org/category/20th-century/torres-eduardo/
Federico Moreno Torroba,Contemporary,https://www.cglib.org/category/20th-century/torroba-federico-moreno/
Claudio Trasatti,Contemporary,https://www.cglib.org/category/20th-century/trasatti-claudio/
Joaquín Turina,Contemporary,https://www.cglib.org/category/20th-century/turina-joaquin/
Emilio Valle,Contemporary,https://www.cglib.org/category/20th-century/valle-emilio/
Floreal G Vallespir Peyrón,Contemporary,https://www.cglib.org/category/20th-century/vallespir-peyron-floreal-g/
Garcia Venancio Velasco,Contemporary,https://www.cglib.org/category/20th-century/velasco-garcia-venancio/
Ricardo Julio Vergara Zuloaga,Contemporary,https://www.cglib.org/category/20th-century/vergara-zuloaga-ricardo-julio/
Mario Vicari,Contemporary,https://www.cglib.org/category/20th-century/vicari-mario/
León Vicente Gascón,Contemporary,https://www.cglib.org/category/20th-century/vicente-gascon-leon/
Heitor Villa-Lobos,Contemporary,https://www.cglib.org/category/20th-century/villa-lobos-heitor/
Roberto De Vittorio,Contemporary,https://www.cglib.org/category/20th-century/vittorio-roberto-de/
Ad Werner,Contemporary,https://www.cglib.org/category/20th-century/werner-ad/
Eugène Ysaye,Contemporary,https://www.cglib.org/category/20th-century/ysaye-eugene/
Johann Paul Zilcher,Contemporary,https://www.cglib.org/category/20th-century/zilcher-johann-paul/
Muriel Anderson,Contemporary,https://www.cglib.org/category/modern/anderson-muriel/
Faramaz Aslani,Contemporary,https://www.cglib.org/category/modern/aslani-faramaz/
Dusan Bogdanovic,Contemporary,https://www.cglib.org/category/modern/bogdanovic-dusan/
Nadia Borislova,Contemporary,https://www.cglib.org/category/modern/borislova-nadia/
Leo Brouwer,Contemporary,https://www.cglib.org/category/modern/brouwer-leo/
Roland Dyens,Contemporary,https://www.cglib.org/category/modern/dyens-roland/
Sveinn Eythorsson,Contemporary,https://www.cglib.org/category/modern/eythorsson-sveinn/
Néstor Guestrin,Contemporary,https://www.cglib.org/category/modern/guestrin-nestor/
Takashi Iwagami,Contemporary,https://www.cglib.org/category/modern/iwagami-takashi/
Oleg Kiselev,Contemporary,https://www.cglib.org/category/modern/kiselev-oleg/
Stane Kranjc,Contemporary,https://www.cglib.org/category/modern/kranjc-stane/
Marie Linnemann,Contemporary,https://www.cglib.org/category/modern/linnemann-marie/
Edson Lopes,Contemporary,https://www.cglib.org/category/modern/lopes-edson/
Radan Papezik,Contemporary,https://www.cglib.org/category/modern/papezik-radan/
Jean-Louis Petit,Contemporary,https://www.cglib.org/category/modern/petit-jean-louis/
Magnus Petursson,Contemporary,https://www.cglib.org/category/modern/petursson-magnus/
Joaquim Serra Pica,Contemporary,https://www.cglib.org/category/modern/pica-joaquim-serra/
Adrien Politi,Contemporary,https://www.cglib.org/category/modern/politi-adrien/
Theo Radic,Contemporary,https://www.cglib.org/category/modern/radic-theo/
Ljudmil Rus,Contemporary,https://www.cglib.org/category/modern/rus-ljudmil/
Eythor Thorlaksson,Contemporary,https://www.cglib.org/category/modern/thorlaksson-eythor/
Thierry Tisserand,Contemporary,https://www.cglib.org/category/modern/tisserand-thierry/
Alain Verite,Contemporary,https://www.cglib.org/category/modern/verite-alain/
Armando Vidigal,Contemporary,https://www.cglib.org/category/modern/vidigal-armando/
Salvador Violla,Contemporary,https://www.cglib.org/category/modern/violla-salvador/
